{
	"skins": {
		"eui.Button": "resource/assets/skin/common_skins/eui_skins/ButtonSkin.exml",
		"eui.CheckBox": "resource/assets/skin/common_skins/eui_skins/CheckBoxSkin.exml",
		"eui.HScrollBar": "resource/assets/skin/common_skins/eui_skins/HScrollBarSkin.exml",
		"eui.HSlider": "resource/assets/skin/common_skins/eui_skins/HSliderSkin.exml",
		"eui.Panel": "resource/assets/skin/common_skins/eui_skins/PanelSkin.exml",
		"eui.TextInput": "resource/assets/skin/common_skins/eui_skins/TextInputSkin.exml",
		"eui.ProgressBar": "resource/assets/skin/common_skins/eui_skins/ProgressBarSkin.exml",
		"eui.RadioButton": "resource/assets/skin/common_skins/eui_skins/RadioButtonSkin.exml",
		"eui.Scroller": "resource/assets/skin/common_skins/eui_skins/ScrollerSkin.exml",
		"eui.ToggleSwitch": "resource/assets/skin/common_skins/eui_skins/ToggleSwitchSkin.exml",
		"eui.VScrollBar": "resource/assets/skin/common_skins/eui_skins/VScrollBarSkin.exml",
		"eui.VSlider": "resource/assets/skin/common_skins/eui_skins/VSliderSkin.exml",
		"eui.ItemRenderer": "resource/assets/skin/common_skins/eui_skins/ItemRendererSkin.exml"
	},
	"autoGenerateExmlsList": true,
	"exmls": [
		"resource/assets/skin/common_skins/CommonAlertSkin.exml",
		"resource/assets/skin/common_skins/CountDownComponentSkin.exml",
		"resource/assets/skin/common_skins/eui_skins/ButtonSkin.exml",
		"resource/assets/skin/common_skins/eui_skins/CheckBoxSkin.exml",
		"resource/assets/skin/common_skins/eui_skins/HScrollBarSkin.exml",
		"resource/assets/skin/common_skins/eui_skins/HSliderSkin.exml",
		"resource/assets/skin/common_skins/eui_skins/ItemRendererSkin.exml",
		"resource/assets/skin/common_skins/eui_skins/PanelSkin.exml",
		"resource/assets/skin/common_skins/eui_skins/ProgressBarSkin.exml",
		"resource/assets/skin/common_skins/eui_skins/RadioButtonSkin.exml",
		"resource/assets/skin/common_skins/eui_skins/ScrollerSkin.exml",
		"resource/assets/skin/common_skins/eui_skins/TextInputSkin.exml",
		"resource/assets/skin/common_skins/eui_skins/ToggleSwitchSkin.exml",
		"resource/assets/skin/common_skins/eui_skins/VScrollBarSkin.exml",
		"resource/assets/skin/common_skins/eui_skins/VSliderSkin.exml",
		"resource/assets/skin/game_skins/game/BladeSkin.exml",
		"resource/assets/skin/game_skins/game/BlockSkin.exml",
		"resource/assets/skin/game_skins/game/BulletSkin.exml",
		"resource/assets/skin/game_skins/game/CoinSkin.exml",
		"resource/assets/skin/game_skins/game/DamageSkin.exml",
		"resource/assets/skin/game_skins/game/GoldBoxSkin.exml",
		"resource/assets/skin/game_skins/game/LeafSkin.exml",
		"resource/assets/skin/game_skins/game/PlayerBulletSkin.exml",
		"resource/assets/skin/game_skins/game/PlayerHpSkin.exml",
		"resource/assets/skin/game_skins/game/PlayerIconSkin.exml",
		"resource/assets/skin/game_skins/game/PoleSkin.exml",
		"resource/assets/skin/game_skins/game/scene.exml",
		"resource/assets/skin/game_skins/game/SoldierSkin.exml",
		"resource/assets/skin/game_skins/game/SpikesSkin.exml",
		"resource/assets/skin/game_skins/game/SwingBladeSkin.exml",
		"resource/assets/skin/game_skins/restart/ResetButtonSkin.exml",
		"resource/assets/skin/game_skins/restart/RestartGameSkin.exml",
		"resource/assets/skin/game_skins/select/SelectItemSkin.exml",
		"resource/assets/skin/game_skins/select/SelectSceneSkin.exml",
		"resource/assets/skin/game_skins/select/WeaponSkin.exml"
	],
	"path": "resource/default.thm.json"
}