{
"1":[{"source":"2x1_png","rotation":0,"width":216,"height":116,"radius":0,"distance":[[80,400]],"type":"block","velocity":0,"degree":0,"radius1":0,"cycle":0,"blockwidth":0,"blockheight":0,"hastrap":[0,0,0,0]}],
"2":[{"source":"small_blade_png","rotation":2,"width":0,"height":0,"radius":53,"distance":[[53,0]],"type":"trap","velocity":0,"degree":0,"radius1":0,"cycle":0,"blockwidth":0,"blockheight":0,"hastrap":[0,0,0,0]}],
"3":[{"source":"2x1_png","rotation":0,"width":216,"height":116,"radius":0,"distance":[[80,400]],"type":"block","velocity":0,"degree":0,"radius1":0,"cycle":0,"blockwidth":0,"blockheight":0,"hastrap":[0,0,0,0]}],
"4":[{"source":"small_blade_png","rotation":2,"width":0,"height":0,"radius":53,"distance":[[53,400]],"type":"trap","velocity":0,"degree":0,"radius1":0,"cycle":0,"blockwidth":0,"blockheight":0,"hastrap":[0,0,0,0]}]
}






