{"width":256,"SubTexture":[{"frameY":-1,"y":1,"frameWidth":113,"frameX":-2,"frameHeight":114,"width":110,"height":111,"name":"slash_4","x":1},{"frameY":-1,"y":114,"frameWidth":110,"frameX":-2,"frameHeight":111,"width":106,"height":108,"name":"slash_3","x":1},{"frameY":-1,"y":114,"frameWidth":105,"frameX":-2,"frameHeight":86,"width":102,"height":81,"name":"slash_5","x":109},{"frameY":-1,"y":215,"frameWidth":26,"frameX":-2,"frameHeight":11,"width":23,"height":8,"name":"slash_9","x":202},{"frameY":-4,"y":197,"frameWidth":46,"frameX":-2,"frameHeight":22,"width":43,"height":16,"name":"slash_8","x":202},{"frameY":-1,"y":1,"frameWidth":80,"frameX":-6,"frameHeight":48,"width":74,"height":41,"name":"slash_7","x":113},{"frameY":-1,"y":197,"frameWidth":96,"frameX":-4,"frameHeight":61,"width":91,"height":57,"name":"slash_6","x":109}],"height":256,"name":"cut_light","imagePath":"cut_light_tex.png"}