{"frameRate":24,"name":"cut_light","version":"5.5","compatibleVersion":"5.5","armature":[{"type":"Sheet","frameRate":24,"name":"cut_light","aabb":{"x":-55,"y":-55.5,"width":110,"height":111},"bone":[{"name":"root"}],"slot":[{"name":"sheetSlot","parent":"root"}],"skin":[{"slot":[{"name":"sheetSlot","display":[{"name":"slash_3"},{"name":"slash_4"},{"name":"slash_5"},{"name":"slash_6"},{"name":"slash_7"},{"name":"slash_8"},{"name":"slash_9"}]}]}],"animation":[{"duration":7,"playTimes":0,"name":"cut_light","slot":[{"name":"sheetSlot","displayFrame":[{},{"value":1},{"value":2},{"value":3},{"value":4},{"value":5},{"value":6}]}]}],"defaultActions":[{"gotoAndPlay":"cut_light"}]}]}