{"width":512,"imagePath":"enemy_cut_tex.png","height":512,"name":"enemy_cut","SubTexture":[{"frameHeight":157,"y":1,"frameX":-8,"width":126,"frameY":-1,"height":156,"name":"attacking_enemy_0","frameWidth":150,"x":204},{"frameHeight":157,"y":1,"frameX":-8,"width":135,"frameY":-13,"height":144,"name":"attacking_enemy_4","frameWidth":150,"x":332},{"frameHeight":157,"y":147,"frameX":-9,"width":125,"frameY":0,"height":157,"name":"attacking_enemy_5","frameWidth":150,"x":1},{"frameHeight":157,"y":147,"frameX":-8,"width":135,"frameY":-13,"height":144,"name":"attacking_enemy_3","frameWidth":150,"x":332},{"frameHeight":157,"y":1,"frameX":-7,"width":201,"frameY":-13,"height":144,"name":"attacking_enemy_2","frameWidth":208,"x":1}]}