{"frameRate":24,"name":"enemy_cut","version":"5.5","compatibleVersion":"5.5","armature":[{"type":"Sheet","frameRate":24,"name":"enemy_cut","aabb":{"x":-75,"y":-78.5,"width":150,"height":157},"bone":[{"name":"root"}],"slot":[{"displayIndex":3,"name":"sheetSlot","parent":"root"}],"skin":[{"slot":[{"name":"sheetSlot","display":[{"name":"attacking_enemy_0"},{"name":"attacking_enemy_2"},{"name":"attacking_enemy_3"},{"name":"attacking_enemy_4"},{"name":"attacking_enemy_5"}]}]}],"animation":[{"duration":5,"playTimes":0,"name":"enemy_cut","slot":[{"name":"sheetSlot","displayFrame":[{},{"value":1},{"value":2},{"value":3},{"value":4}]}]}],"defaultActions":[{"gotoAndPlay":"enemy_cut"}]}]}