{"file":"euiDefault.png","frames":{
"tracklight_png":{"x":219,"y":59,"w":6,"h":6,"offX":0,"offY":0,"sourceW":6,"sourceH":6},
"border_png":{"x":1,"y":1,"w":177,"h":47,"offX":0,"offY":0,"sourceW":177,"sourceH":47},
"button_down_png":{"x":195,"y":83,"w":16,"h":16,"offX":0,"offY":0,"sourceW":16,"sourceH":16},
"button_up_png":{"x":177,"y":83,"w":16,"h":16,"offX":0,"offY":0,"sourceW":16,"sourceH":16},
"checkbox_select_disabled_png":{"x":78,"y":50,"w":23,"h":23,"offX":0,"offY":0,"sourceW":23,"sourceH":23},
"checkbox_select_down_png":{"x":103,"y":50,"w":23,"h":23,"offX":0,"offY":0,"sourceW":23,"sourceH":23},
"checkbox_select_up_png":{"x":128,"y":50,"w":23,"h":23,"offX":0,"offY":0,"sourceW":23,"sourceH":23},
"checkbox_unselect_png":{"x":28,"y":50,"w":23,"h":23,"offX":0,"offY":0,"sourceW":23,"sourceH":23},
"handle_png":{"x":53,"y":50,"w":23,"h":23,"offX":0,"offY":0,"sourceW":23,"sourceH":23},
"header_png":{"x":213,"y":77,"w":16,"h":16,"offX":0,"offY":0,"sourceW":16,"sourceH":16},
"off_png":{"x":180,"y":1,"w":65,"h":27,"offX":0,"offY":0,"sourceW":65,"sourceH":27},
"on_png":{"x":180,"y":30,"w":65,"h":27,"offX":0,"offY":0,"sourceW":65,"sourceH":27},
"radiobutton_select_disabled_png":{"x":153,"y":74,"w":22,"h":22,"offX":0,"offY":0,"sourceW":22,"sourceH":22},
"radiobutton_select_down_png":{"x":153,"y":74,"w":22,"h":22,"offX":0,"offY":0,"sourceW":22,"sourceH":22},
"radiobutton_select_up_png":{"x":153,"y":50,"w":22,"h":22,"offX":0,"offY":0,"sourceW":22,"sourceH":22},
"radiobutton_unselect_png":{"x":177,"y":59,"w":22,"h":22,"offX":0,"offY":0,"sourceW":22,"sourceH":22},
"roundthumb_png":{"x":219,"y":59,"w":6,"h":6,"offX":0,"offY":0,"sourceW":6,"sourceH":6},
"selected_png":{"x":201,"y":59,"w":16,"h":16,"offX":0,"offY":0,"sourceW":16,"sourceH":16},
"thumb_png":{"x":1,"y":50,"w":25,"h":25,"offX":0,"offY":0,"sourceW":25,"sourceH":25},
"thumb_pb_png":{"x":219,"y":67,"w":6,"h":6,"offX":0,"offY":0,"sourceW":6,"sourceH":6},
"track_png":{"x":227,"y":59,"w":6,"h":6,"offX":0,"offY":0,"sourceW":6,"sourceH":6},
"track_pb_png":{"x":227,"y":67,"w":6,"h":6,"offX":0,"offY":0,"sourceW":6,"sourceH":6},
"track_sb_png":{"x":227,"y":59,"w":6,"h":6,"offX":0,"offY":0,"sourceW":6,"sourceH":6}}}