{
    "1": {
        "id": 2,
        "type": "block",
        "distance": [
            [
                400,
                600
            ]
        ],
        "source": "1x1block_png",
        "rotation_angle": 0,
        "width": 116,
        "height": 116,
        "radius": 0,
        "rotation": 2,
        "velocity": 0,
        "degree": 0,
        "radius1": 0,
        "cycle": 0,
        "cycle_point": 0,
        "hastrap": [
            1,
            1,
            1,
            1
        ],
        "scale": 1
    },
    "2": {
        "id": 3,
        "type": "endPoint",
        "distance": [
            [
                500,
                2780
            ]
        ],
        "source": "goalmarker_png",
        "rotation_angle": 0,
        "width": 64,
        "height": 64,
        "radius": 0,
        "rotation": 0,
        "velocity": 0,
        "degree": 0,
        "radius1": 0,
        "cycle": 0,
        "cycle_point": 0,
        "hastrap": [],
        "scale": 1
    },
    "3": {
        "id": 4,
        "type": "block",
        "distance": [
            [
                495,
                2700
            ]
        ],
        "source": "2x1_png",
        "rotation_angle": 0,
        "width": 216,
        "height": 116,
        "radius": 0,
        "rotation": 0,
        "velocity": 0,
        "degree": 0,
        "radius1": 0,
        "cycle": 0,
        "cycle_point": 0,
        "hastrap": [
            0,
            1,
            0,
            0
        ],
        "scale": 1
    },
    "4": {
        "id": 5,
        "type": "spikes",
        "distance": [
            [
                80,
                970
            ]
        ],
        "source": "",
        "rotation_angle": 0,
        "width": 800,
        "height": 30,
        "radius": 0,
        "rotation": 0,
        "velocity": 0,
        "degree": 0,
        "radius1": 0,
        "cycle": 0,
        "cycle_point": 0,
        "hastrap": [],
        "scale": 1
    },
    "5": {
        "id": 6,
        "type": "block",
        "distance": [
            [
                275,
                1116
            ]
        ],
        "source": "1x1block_png",
        "rotation_angle": 45,
        "width": 116,
        "height": 116,
        "radius": 0,
        "rotation": 0,
        "velocity": 0,
        "degree": 0,
        "radius1": 0,
        "cycle": 0,
        "cycle_point": 0,
        "hastrap": [
            1,
            1,
            1,
            1
        ],
        "scale": 1
    },
    "6": {
        "id": 7,
        "type": "swingBlade",
        "distance": [
            [
                275,
                1000
            ]
        ],
        "source": "small_blade_png",
        "rotation_angle": 135,
        "width": 106,
        "height": 105,
        "radius": 53,
        "rotation": 2,
        "velocity": 0,
        "degree": 0,
        "radius1": 150,
        "cycle": 45,
        "cycle_point": 0,
        "hastrap": [],
        "scale": 1
    },
    "7": {
        "id": 8,
        "type": "block",
        "distance": [
            [
                650,
                1600
            ]
        ],
        "source": "2x1_png",
        "rotation_angle": 0,
        "width": 216,
        "height": 116,
        "radius": 0,
        "rotation": 0,
        "velocity": 0,
        "degree": 0,
        "radius1": 0,
        "cycle": 0,
        "cycle_point": 0,
        "hastrap": [
            0,
            1,
            1,
            1
        ],
        "scale": 1
    },
    "8": {
        "id": 9,
        "type": "blade",
        "distance": [
            [
                180,
                2500
            ],
            [
                240,
                2100
            ]
        ],
        "source": "small_blade_png",
        "rotation_angle": 0,
        "width": 106,
        "height": 105,
        "radius": 0,
        "rotation": 3,
        "velocity": 15,
        "degree": 0,
        "radius1": 0,
        "cycle": 0,
        "cycle_point": 0,
        "hastrap": [],
        "scale": 1
    },
    "9": {
        "id": 10,
        "type": "block",
        "distance": [
            [
                120,
                1500
            ],
            [
                580,
                1700
            ]
        ],
        "source": "1x1block_png",
        "rotation_angle": 0,
        "width": 116,
        "height": 116,
        "radius": 0,
        "rotation": 0,
        "velocity": 10,
        "degree": 0,
        "radius1": 0,
        "cycle": 0,
        "cycle_point": 0,
        "hastrap": [
            1,
            1,
            1,
            1
        ],
        "scale": 0.5
    },
    "10": {
        "id": 11,
        "type": "block",
        "distance": [
            [
                580,
                2000
            ]
        ],
        "source": "2x1_png",
        "rotation_angle": 0,
        "width": 216,
        "height": 116,
        "radius": 0,
        "rotation": 0,
        "velocity": 10,
        "degree": 0,
        "radius1": 0,
        "cycle": 0,
        "cycle_point": 0,
        "hastrap": [
            0,
            0,
            0,
            0
        ],
        "scale": 1
    },
    "11": {
        "id": 12,
        "type": "enemy",
        "distance": [
            [
                580,
                1746
            ]
        ],
        "source": "enemy_png",
        "rotation_angle": 0,
        "width": 89,
        "height": 104,
        "radius": 0,
        "rotation": 0,
        "velocity": 0,
        "degree": 0,
        "radius1": 0,
        "cycle": 0,
        "cycle_point": 0,
        "hastrap": [
            0,
            0,
            0,
            0
        ],
        "scale": 1
    },
    "12": {
        "id": 13,
        "type": "enemy",
        "distance": [
            [
                500,
                2146
            ]
        ],
        "source": "attacking_enemy_0_png",
        "rotation_angle": 0,
        "width": 89,
        "height": 104,
        "radius": 0,
        "rotation": 0,
        "velocity": 0,
        "degree": 0,
        "radius1": 0,
        "cycle": 0,
        "cycle_point": 0,
        "hastrap": [
            0,
            0,
            0,
            0
        ],
        "scale": 1
    },
    "13": {
        "id": 14,
        "type": "enemy",
        "distance": [
            [
                580,
                1190
            ]
        ],
        "source": "ranged_enemy_idle_png",
        "rotation_angle": 0,
        "width": 89,
        "height": 104,
        "radius": 0,
        "rotation": 0,
        "velocity": 0,
        "degree": 0,
        "radius1": 0,
        "cycle": 0,
        "cycle_point": 0,
        "hastrap": [
            0,
            0,
            0,
            0
        ],
        "scale": 1
    }
}