{
    "1": {
        "id": 1,
        "source": "small_blade_png",
        "rotation": 2,
        "rotation_angle": 0,
        "width": 0,
        "height": 0,
        "radius": 37.1,
        "distance": [[240,3308.22],[240,3425.02],[240,3098.22]],
        "velocity": 10,
        "degree": 0,
        "radius1": 0,
        "cycle": 0,
        "blockwidth": 0,
        "blockheight": 0,
        "hastrap":[0,0,0,0],
        "type": "blade",
        "scale": 0.7
    },
    "2": {
        "id": 2,
        "source": "small_blade_png",
        "rotation": 2,
        "rotation_angle": 0,
        "width": 0,
        "height": 0,
        "radius": 37.1,
        "distance": [[523.72,3328.02],[523.72,3425.02],[523.72,3098.22]],
        "velocity": 10,
        "degree": 0,
        "radius1": 0,
        "cycle": 0,
        "blockwidth": 0,
        "blockheight": 0,
        "hastrap":[0,0,0,0],
        "type": "blade",
        "scale": 0.7
    },
    "3": {
        "id": 3,
        "source": "small_blade_png",
        "rotation": 2,
        "rotation_angle": 0,
        "width": 0,
        "height": 0,
        "radius": 37.1,
        "distance": [[290.48,3084.54],[290.48,3425.02],[290.48,2523.2]],
        "velocity": 10,
        "degree": 0,
        "radius1": 0,
        "cycle": 0,
        "blockwidth": 0,
        "blockheight": 0,
        "hastrap":[0,0,0,0],
        "type": "blade",
        "scale": 0.7
    },
    "4": {
        "id": 4,
        "source": "small_blade_png",
        "rotation": 2,
        "rotation_angle": 0,
        "width": 0,
        "height": 0,
        "radius": 37.1,
        "distance": [[465.08,3088.74],[465.08,3425.02],[465.08,2523.2]],
        "velocity": 10,
        "degree": 0,
        "radius1": 0,
        "cycle": 0,
        "blockwidth": 0,
        "blockheight": 0,
        "hastrap":[0,0,0,0],
        "type": "blade",
        "scale": 0.7
    },
    "5": {
        "id": 5,
        "source": "small_blade_png",
        "rotation": 2,
        "rotation_angle": 0,
        "width": 0,
        "height": 0,
        "radius": 37.1,
        "distance": [[340.82,2942.34],[340.82,3425.02],[340.82,2523.2]],
        "velocity": 10,
        "degree": 0,
        "radius1": 0,
        "cycle": 0,
        "blockwidth": 0,
        "blockheight": 0,
        "hastrap":[0,0,0,0],
        "type": "blade",
        "scale": 0.7
    },
    "6": {
        "id": 6,
        "source": "small_blade_png",
        "rotation": 2,
        "rotation_angle": 0,
        "width": 0,
        "height": 0,
        "radius": 37.1,
        "distance": [[417.12,2942.34],[417.12,3425.02],[417.12,2523.2]],
        "velocity": 10,
        "degree": 0,
        "radius1": 0,
        "cycle": 0,
        "blockwidth": 0,
        "blockheight": 0,
        "hastrap":[0,0,0,0],
        "type": "blade",
        "scale": 0.7
    },
    "7": {
        "id": 7,
        "source": "small_blade_png",
        "rotation": 2,
        "rotation_angle": 0,
        "width": 0,
        "height": 0,
        "radius": 37.1,
        "distance": [[274.8,3850.82],[111.2,3850.82],[629.47,3850.82]],
        "velocity": 10,
        "degree": 0,
        "radius1": 0,
        "cycle": 0,
        "blockwidth": 0,
        "blockheight": 0,
        "hastrap":[0,0,0,0],
        "type": "blade",
        "scale": 0.7
    },
    "8": {
        "id": 8,
        "source": "small_blade_png",
        "rotation": 2,
        "rotation_angle": 0,
        "width": 0,
        "height": 0,
        "radius": 37.1,
        "distance": [[466.02,4015.82],[629.47,4015.82],[111.2,4015.82]],
        "velocity": 10,
        "degree": 0,
        "radius1": 0,
        "cycle": 0,
        "blockwidth": 0,
        "blockheight": 0,
        "hastrap":[0,0,0,0],
        "type": "blade",
        "scale": 0.7
    },
    "9": {
        "id": 9,
        "source": "1x1block_png",
        "rotation": 0,
        "rotation_angle": 0,
        "width": 69.599999999999994,
        "height": 69.599999999999994,
        "radius": 0,
        "distance": [[366.1,1682.07]],
        "velocity": 0,
        "degree": 0,
        "radius1": 0,
        "cycle": 0,
        "blockwidth": 0,
        "blockheight": 0,
        "hastrap":[0,0,0,0],
        "type": "block",
        "scale": 0.6
    },
    "10": {
        "id": 10,
        "source": "1x1block_png",
        "rotation": 0,
        "rotation_angle": 0,
        "width": 69.599999999999994,
        "height": 69.599999999999994,
        "radius": 0,
        "distance": [[223.12,1485.02]],
        "velocity": 0,
        "degree": 0,
        "radius1": 0,
        "cycle": 0,
        "blockwidth": 0,
        "blockheight": 0,
        "hastrap":[0,0,0,0],
        "type": "block",
        "scale": 0.6
    },
    "11": {
        "id": 11,
        "source": "1x1block_png",
        "rotation": 0,
        "rotation_angle": 0,
        "width": 69.599999999999994,
        "height": 69.599999999999994,
        "radius": 0,
        "distance": [[504.2,1485.02]],
        "velocity": 0,
        "degree": 0,
        "radius1": 0,
        "cycle": 0,
        "blockwidth": 0,
        "blockheight": 0,
        "hastrap":[0,0,0,0],
        "type": "block",
        "scale": 0.6
    },
    "12": {
        "id": 12,
        "source": "small_blade_png",
        "rotation": 2,
        "rotation_angle": 0,
        "width": 0,
        "height": 0,
        "radius": 37.1,
        "distance": [[223.32,1854.87],[223.32,1552.14],[223.32,1974.2]],
        "velocity": 10,
        "degree": 0,
        "radius1": 0,
        "cycle": 0,
        "blockwidth": 0,
        "blockheight": 0,
        "hastrap":[0,0,0,0],
        "type": "blade",
        "scale": 0.4
    },
    "13": {
        "id": 13,
        "source": "small_blade_png",
        "rotation": 2,
        "rotation_angle": 0,
        "width": 0,
        "height": 0,
        "radius": 37.1,
        "distance": [[509.36,1871.27],[509.36,1552.14],[509.36,1974.2]],
        "velocity": 10,
        "degree": 0,
        "radius1": 0,
        "cycle": 0,
        "blockwidth": 0,
        "blockheight": 0,
        "hastrap":[0,0,0,0],
        "type": "blade",
        "scale": 0.4
    },
    "14": {
        "id": 14,
        "source": "small_blade_png",
        "rotation": 2,
        "rotation_angle": 0,
        "width": 0,
        "height": 0,
        "radius": 37.1,
        "distance": [[330.2,1828.07],[330.2,1741.01],[330.2,1974.2]],
        "velocity": 10,
        "degree": 0,
        "radius1": 0,
        "cycle": 0,
        "blockwidth": 0,
        "blockheight": 0,
        "hastrap":[0,0,0,0],
        "type": "blade",
        "scale": 0.4
    },
    "15": {
        "id": 15,
        "source": "small_blade_png",
        "rotation": 2,
        "rotation_angle": 0,
        "width": 0,
        "height": 0,
        "radius": 37.1,
        "distance": [[403.8,1832.67],[403.8,1741.01],[403.8,1974.2]],
        "velocity": 10,
        "degree": 0,
        "radius1": 0,
        "cycle": 0,
        "blockwidth": 0,
        "blockheight": 0,
        "hastrap":[0,0,0,0],
        "type": "blade",
        "scale": 0.4
    },
    "16": {
        "id": 16,
        "source": "2x1_png",
        "rotation": 0,
        "rotation_angle": 0,
        "width": 216,
        "height": 116,
        "radius": 0,
        "distance": [[474.2,3519.82]],
        "velocity": 0,
        "degree": 0,
        "radius1": 0,
        "cycle": 0,
        "blockwidth": 0,
        "blockheight": 0,
        "hastrap":[0,0,0,0],
        "type": "block",
        "scale": 1
    },
    "17": {
        "id": 17,
        "source": "2x1_png",
        "rotation": 0,
        "rotation_angle": 0,
        "width": 216,
        "height": 116,
        "radius": 0,
        "distance": [[275.8,3519.82]],
        "velocity": 0,
        "degree": 0,
        "radius1": 0,
        "cycle": 0,
        "blockwidth": 0,
        "blockheight": 0,
        "hastrap":[0,0,0,0],
        "type": "block",
        "scale": 1
    },
    "18": {
        "id": 18,
        "source": "2x1_png",
        "rotation": 0,
        "rotation_angle": 0,
        "width": 216,
        "height": 116,
        "radius": 0,
        "distance": [[271,2062]],
        "velocity": 0,
        "degree": 0,
        "radius1": 0,
        "cycle": 0,
        "blockwidth": 0,
        "blockheight": 0,
        "hastrap":[0,0,0,0],
        "type": "block",
        "scale": 1
    },
    "19": {
        "id": 19,
        "source": "2x1_png",
        "rotation": 0,
        "rotation_angle": 0,
        "width": 216,
        "height": 116,
        "radius": 0,
        "distance": [[469.4,2062]],
        "velocity": 0,
        "degree": 0,
        "radius1": 0,
        "cycle": 0,
        "blockwidth": 0,
        "blockheight": 0,
        "hastrap":[0,0,0,0],
        "type": "block",
        "scale": 1
    },
    "20": {
        "id": 20,
        "source": "2x1_png",
        "rotation": 0,
        "rotation_angle": 0,
        "width": 216,
        "height": 116,
        "radius": 0,
        "distance": [[61.03,2294.33]],
        "velocity": 0,
        "degree": 0,
        "radius1": 0,
        "cycle": 0,
        "blockwidth": 0,
        "blockheight": 0,
        "hastrap":[0,0,0,0],
        "type": "block",
        "scale": 1
    },
    "21": {
        "id": 21,
        "source": "2x1_png",
        "rotation": 0,
        "rotation_angle": 0,
        "width": 216,
        "height": 116,
        "radius": 0,
        "distance": [[471.2,2294.33]],
        "velocity": 0,
        "degree": 0,
        "radius1": 0,
        "cycle": 0,
        "blockwidth": 0,
        "blockheight": 0,
        "hastrap":[0,0,0,0],
        "type": "block",
        "scale": 1
    },
    "22": {
        "id": 22,
        "source": "spikes_png",
        "rotation": 0,
        "rotation_angle": 90,
        "width": 100,
        "height": 30,
        "radius": 0,
        "distance": [[115,1572.87]],
        "velocity": 0,
        "degree": 0,
        "radius1": 0,
        "cycle": 0,
        "blockwidth": 0,
        "blockheight": 0,
        "hastrap":[0,0,0,0],
        "type": "trap",
        "scale": 1
    },
    "23": {
        "id": 23,
        "source": "spikes_png",
        "rotation": 0,
        "rotation_angle": 90,
        "width": 100,
        "height": 30,
        "radius": 0,
        "distance": [[115,1665.87]],
        "velocity": 0,
        "degree": 0,
        "radius1": 0,
        "cycle": 0,
        "blockwidth": 0,
        "blockheight": 0,
        "hastrap":[0,0,0,0],
        "type": "trap",
        "scale": 1
    },
    "24": {
        "id": 24,
        "source": "spikes_png",
        "rotation": 0,
        "rotation_angle": 90,
        "width": 100,
        "height": 30,
        "radius": 0,
        "distance": [[115,1759.67]],
        "velocity": 0,
        "degree": 0,
        "radius1": 0,
        "cycle": 0,
        "blockwidth": 0,
        "blockheight": 0,
        "hastrap":[0,0,0,0],
        "type": "trap",
        "scale": 1
    },
    "25": {
        "id": 25,
        "source": "spikes_png",
        "rotation": 0,
        "rotation_angle": 270,
        "width": 100,
        "height": 30,
        "radius": 0,
        "distance": [[632,1672.87]],
        "velocity": 0,
        "degree": 0,
        "radius1": 0,
        "cycle": 0,
        "blockwidth": 0,
        "blockheight": 0,
        "hastrap":[0,0,0,0],
        "type": "trap",
        "scale": 1
    },
    "26": {
        "id": 26,
        "source": "spikes_png",
        "rotation": 0,
        "rotation_angle": 270,
        "width": 100,
        "height": 30,
        "radius": 0,
        "distance": [[632,1765.87]],
        "velocity": 0,
        "degree": 0,
        "radius1": 0,
        "cycle": 0,
        "blockwidth": 0,
        "blockheight": 0,
        "hastrap":[0,0,0,0],
        "type": "trap",
        "scale": 1
    },
    "27": {
        "id": 27,
        "source": "spikes_png",
        "rotation": 0,
        "rotation_angle": 270,
        "width": 100,
        "height": 30,
        "radius": 0,
        "distance": [[632,1859.27]],
        "velocity": 0,
        "degree": 0,
        "radius1": 0,
        "cycle": 0,
        "blockwidth": 0,
        "blockheight": 0,
        "hastrap":[0,0,0,0],
        "type": "trap",
        "scale": 1
    },
    "28": {
        "id": 28,
        "source": "spikes_png",
        "rotation": 0,
        "rotation_angle": 90,
        "width": 100,
        "height": 30,
        "radius": 0,
        "distance": [[115,2554]],
        "velocity": 0,
        "degree": 0,
        "radius1": 0,
        "cycle": 0,
        "blockwidth": 0,
        "blockheight": 0,
        "hastrap":[0,0,0,0],
        "type": "trap",
        "scale": 1
    },
    "29": {
        "id": 29,
        "source": "spikes_png",
        "rotation": 0,
        "rotation_angle": 90,
        "width": 100,
        "height": 30,
        "radius": 0,
        "distance": [[115,2647.2]],
        "velocity": 0,
        "degree": 0,
        "radius1": 0,
        "cycle": 0,
        "blockwidth": 0,
        "blockheight": 0,
        "hastrap":[0,0,0,0],
        "type": "trap",
        "scale": 1
    },
    "30": {
        "id": 30,
        "source": "spikes_png",
        "rotation": 0,
        "rotation_angle": 90,
        "width": 100,
        "height": 30,
        "radius": 0,
        "distance": [[115,2740.2]],
        "velocity": 0,
        "degree": 0,
        "radius1": 0,
        "cycle": 0,
        "blockwidth": 0,
        "blockheight": 0,
        "hastrap":[0,0,0,0],
        "type": "trap",
        "scale": 1
    },
    "31": {
        "id": 31,
        "source": "spikes_png",
        "rotation": 0,
        "rotation_angle": 90,
        "width": 100,
        "height": 30,
        "radius": 0,
        "distance": [[115,2833.02]],
        "velocity": 0,
        "degree": 0,
        "radius1": 0,
        "cycle": 0,
        "blockwidth": 0,
        "blockheight": 0,
        "hastrap":[0,0,0,0],
        "type": "trap",
        "scale": 1
    },
    "32": {
        "id": 32,
        "source": "spikes_png",
        "rotation": 0,
        "rotation_angle": 90,
        "width": 100,
        "height": 30,
        "radius": 0,
        "distance": [[115,2926.02]],
        "velocity": 0,
        "degree": 0,
        "radius1": 0,
        "cycle": 0,
        "blockwidth": 0,
        "blockheight": 0,
        "hastrap":[0,0,0,0],
        "type": "trap",
        "scale": 1
    },
    "33": {
        "id": 33,
        "source": "spikes_png",
        "rotation": 0,
        "rotation_angle": 270,
        "width": 100,
        "height": 30,
        "radius": 0,
        "distance": [[632,2604]],
        "velocity": 0,
        "degree": 0,
        "radius1": 0,
        "cycle": 0,
        "blockwidth": 0,
        "blockheight": 0,
        "hastrap":[0,0,0,0],
        "type": "trap",
        "scale": 1
    },
    "34": {
        "id": 34,
        "source": "spikes_png",
        "rotation": 0,
        "rotation_angle": 270,
        "width": 100,
        "height": 30,
        "radius": 0,
        "distance": [[632,2697.2]],
        "velocity": 0,
        "degree": 0,
        "radius1": 0,
        "cycle": 0,
        "blockwidth": 0,
        "blockheight": 0,
        "hastrap":[0,0,0,0],
        "type": "trap",
        "scale": 1
    },
    "35": {
        "id": 35,
        "source": "spikes_png",
        "rotation": 0,
        "rotation_angle": 270,
        "width": 100,
        "height": 30,
        "radius": 0,
        "distance": [[632,3073.22]],
        "velocity": 0,
        "degree": 0,
        "radius1": 0,
        "cycle": 0,
        "blockwidth": 0,
        "blockheight": 0,
        "hastrap":[0,0,0,0],
        "type": "trap",
        "scale": 1
    },
    "36": {
        "id": 36,
        "source": "spikes_png",
        "rotation": 0,
        "rotation_angle": 270,
        "width": 100,
        "height": 30,
        "radius": 0,
        "distance": [[632,3166.22]],
        "velocity": 0,
        "degree": 0,
        "radius1": 0,
        "cycle": 0,
        "blockwidth": 0,
        "blockheight": 0,
        "hastrap":[0,0,0,0],
        "type": "trap",
        "scale": 1
    },
    "37": {
        "id": 37,
        "source": "spikes_png",
        "rotation": 0,
        "rotation_angle": 270,
        "width": 100,
        "height": 30,
        "radius": 0,
        "distance": [[632,3259.22]],
        "velocity": 0,
        "degree": 0,
        "radius1": 0,
        "cycle": 0,
        "blockwidth": 0,
        "blockheight": 0,
        "hastrap":[0,0,0,0],
        "type": "trap",
        "scale": 1
    },
    "38": {
        "id": 38,
        "source": "spikes_png",
        "rotation": 0,
        "rotation_angle": 270,
        "width": 100,
        "height": 30,
        "radius": 0,
        "distance": [[632,3352.22]],
        "velocity": 0,
        "degree": 0,
        "radius1": 0,
        "cycle": 0,
        "blockwidth": 0,
        "blockheight": 0,
        "hastrap":[0,0,0,0],
        "type": "trap",
        "scale": 1
    },
    "39": {
        "id": 39,
        "source": "spikes_png",
        "rotation": 0,
        "rotation_angle": 180,
        "width": 100,
        "height": 30,
        "radius": 0,
        "distance": [[416.2,2142]],
        "velocity": 0,
        "degree": 0,
        "radius1": 0,
        "cycle": 0,
        "blockwidth": 0,
        "blockheight": 0,
        "hastrap":[0,0,0,0],
        "type": "trap",
        "scale": 1
    },
    "40": {
        "id": 40,
        "source": "large_blade_png",
        "rotation": 2,
        "rotation_angle": 0,
        "width": 0,
        "height": 0,
        "radius": 65.599999999999994,
        "distance": [[95,3237.62]],
        "velocity": 0,
        "degree": 0,
        "radius1": 0,
        "cycle": 0,
        "blockwidth": 0,
        "blockheight": 0,
        "hastrap":[0,0,0,0],
        "type": "blade",
        "scale": 0.8
    },
    "41": {
        "id": 41,
        "source": "large_blade_png",
        "rotation": 2,
        "rotation_angle": 0,
        "width": 0,
        "height": 0,
        "radius": 65.599999999999994,
        "distance": [[644.8,2881.62]],
        "velocity": 0,
        "degree": 0,
        "radius1": 0,
        "cycle": 0,
        "blockwidth": 0,
        "blockheight": 0,
        "hastrap":[0,0,0,0],
        "type": "blade",
        "scale": 0.8
    },
    "42": {
        "id": 42,
        "source": "small_blade_png",
        "rotation": 2,
        "rotation_angle": 0,
        "width": 0,
        "height": 0,
        "radius": 53,
        "distance": [[579.2,3578.22],[167.8,3578.22],[167.8,3462.22],[579.2,3462.22]],
        "velocity": 10,
        "degree": 0,
        "radius1": 0,
        "cycle": 0,
        "blockwidth": 0,
        "blockheight": 0,
        "hastrap":[0,0,0,0],
        "type": "blade",
        "scale": 1
    },
    "43": {
        "id": 43,
        "source": "small_blade_png",
        "rotation": 2,
        "rotation_angle": 0,
        "width": 0,
        "height": 0,
        "radius": 53,
        "distance": [[162.32,2120],[162.32,2004],[577.4,2004],[577.4,2120]],
        "velocity": 10,
        "degree": 0,
        "radius1": 0,
        "cycle": 0,
        "blockwidth": 0,
        "blockheight": 0,
        "hastrap":[0,0,0,0],
        "type": "blade",
        "scale": 1
    }
}