{
    "1": {
        "id": 1,
        "source": "coin_png",
        "rotation": 0,
        "rotation_angle": 0,
        "width": 103,
        "height": 116,
        "radius": 0,
        "distance": [[617.47,4728]],
        "velocity": 0,
        "degree": 0,
        "radius1": 0,
        "cycle": 0,
        "blockwidth": 0,
        "blockheight": 0,
        "hastrap":[0,0,0,0],
        "type": "coin",
        "scale": 0.4
    },
    "2": {
        "id": 2,
        "source": "coin_png",
        "rotation": 0,
        "rotation_angle": 0,
        "width": 103,
        "height": 116,
        "radius": 0,
        "distance": [[574.9,4681.6]],
        "velocity": 0,
        "degree": 0,
        "radius1": 0,
        "cycle": 0,
        "blockwidth": 0,
        "blockheight": 0,
        "hastrap":[0,0,0,0],
        "type": "coin",
        "scale": 0.4
    },
    "3": {
        "id": 3,
        "source": "coin_png",
        "rotation": 0,
        "rotation_angle": 0,
        "width": 103,
        "height": 116,
        "radius": 0,
        "distance": [[533.7,4635.2]],
        "velocity": 0,
        "degree": 0,
        "radius1": 0,
        "cycle": 0,
        "blockwidth": 0,
        "blockheight": 0,
        "hastrap":[0,0,0,0],
        "type": "coin",
        "scale": 0.4
    },
    "4": {
        "id": 4,
        "source": "coin_png",
        "rotation": 0,
        "rotation_angle": 0,
        "width": 103,
        "height": 116,
        "radius": 0,
        "distance": [[492.5,4588.8]],
        "velocity": 0,
        "degree": 0,
        "radius1": 0,
        "cycle": 0,
        "blockwidth": 0,
        "blockheight": 0,
        "hastrap":[0,0,0,0],
        "type": "coin",
        "scale": 0.4
    },
    "5": {
        "id": 5,
        "source": "coin_png",
        "rotation": 0,
        "rotation_angle": 0,
        "width": 103,
        "height": 116,
        "radius": 0,
        "distance": [[455,4542.4]],
        "velocity": 0,
        "degree": 0,
        "radius1": 0,
        "cycle": 0,
        "blockwidth": 0,
        "blockheight": 0,
        "hastrap":[0,0,0,0],
        "type": "coin",
        "scale": 0.4
    },
    "6": {
        "id": 6,
        "source": "coin_png",
        "rotation": 0,
        "rotation_angle": 0,
        "width": 103,
        "height": 116,
        "radius": 0,
        "distance": [[620.47,4635.2]],
        "velocity": 0,
        "degree": 0,
        "radius1": 0,
        "cycle": 0,
        "blockwidth": 0,
        "blockheight": 0,
        "hastrap":[0,0,0,0],
        "type": "coin",
        "scale": 0.4
    },
    "7": {
        "id": 7,
        "source": "coin_png",
        "rotation": 0,
        "rotation_angle": 0,
        "width": 103,
        "height": 116,
        "radius": 0,
        "distance": [[574.9,4588.8]],
        "velocity": 0,
        "degree": 0,
        "radius1": 0,
        "cycle": 0,
        "blockwidth": 0,
        "blockheight": 0,
        "hastrap":[0,0,0,0],
        "type": "coin",
        "scale": 0.4
    },
    "8": {
        "id": 8,
        "source": "coin_png",
        "rotation": 0,
        "rotation_angle": 0,
        "width": 103,
        "height": 116,
        "radius": 0,
        "distance": [[533.7,4542.4]],
        "velocity": 0,
        "degree": 0,
        "radius1": 0,
        "cycle": 0,
        "blockwidth": 0,
        "blockheight": 0,
        "hastrap":[0,0,0,0],
        "type": "coin",
        "scale": 0.4
    },
    "9": {
        "id": 9,
        "source": "coin_png",
        "rotation": 0,
        "rotation_angle": 0,
        "width": 103,
        "height": 116,
        "radius": 0,
        "distance": [[496.6,4496]],
        "velocity": 0,
        "degree": 0,
        "radius1": 0,
        "cycle": 0,
        "blockwidth": 0,
        "blockheight": 0,
        "hastrap":[0,0,0,0],
        "type": "coin",
        "scale": 0.4
    },
    "10": {
        "id": 10,
        "source": "coin_png",
        "rotation": 0,
        "rotation_angle": 0,
        "width": 103,
        "height": 116,
        "radius": 0,
        "distance": [[457,4449.6]],
        "velocity": 0,
        "degree": 0,
        "radius1": 0,
        "cycle": 0,
        "blockwidth": 0,
        "blockheight": 0,
        "hastrap":[0,0,0,0],
        "type": "coin",
        "scale": 0.4
    },
    "11": {
        "id": 11,
        "source": "coin_png",
        "rotation": 0,
        "rotation_angle": 0,
        "width": 103,
        "height": 116,
        "radius": 0,
        "distance": [[621.57,4020]],
        "velocity": 0,
        "degree": 0,
        "radius1": 0,
        "cycle": 0,
        "blockwidth": 0,
        "blockheight": 0,
        "hastrap":[0,0,0,0],
        "type": "coin",
        "scale": 0.4
    },
    "12": {
        "id": 12,
        "source": "coin_png",
        "rotation": 0,
        "rotation_angle": 0,
        "width": 103,
        "height": 116,
        "radius": 0,
        "distance": [[579,3973]],
        "velocity": 0,
        "degree": 0,
        "radius1": 0,
        "cycle": 0,
        "blockwidth": 0,
        "blockheight": 0,
        "hastrap":[0,0,0,0],
        "type": "coin",
        "scale": 0.4
    },
    "13": {
        "id": 13,
        "source": "coin_png",
        "rotation": 0,
        "rotation_angle": 0,
        "width": 103,
        "height": 116,
        "radius": 0,
        "distance": [[538,3927]],
        "velocity": 0,
        "degree": 0,
        "radius1": 0,
        "cycle": 0,
        "blockwidth": 0,
        "blockheight": 0,
        "hastrap":[0,0,0,0],
        "type": "coin",
        "scale": 0.4
    },
    "14": {
        "id": 14,
        "source": "coin_png",
        "rotation": 0,
        "rotation_angle": 0,
        "width": 103,
        "height": 116,
        "radius": 0,
        "distance": [[496.6,3881]],
        "velocity": 0,
        "degree": 0,
        "radius1": 0,
        "cycle": 0,
        "blockwidth": 0,
        "blockheight": 0,
        "hastrap":[0,0,0,0],
        "type": "coin",
        "scale": 0.4
    },
    "15": {
        "id": 15,
        "source": "coin_png",
        "rotation": 0,
        "rotation_angle": 0,
        "width": 103,
        "height": 116,
        "radius": 0,
        "distance": [[459,3834.4]],
        "velocity": 0,
        "degree": 0,
        "radius1": 0,
        "cycle": 0,
        "blockwidth": 0,
        "blockheight": 0,
        "hastrap":[0,0,0,0],
        "type": "coin",
        "scale": 0.4
    },
    "16": {
        "id": 16,
        "source": "coin_png",
        "rotation": 0,
        "rotation_angle": 0,
        "width": 103,
        "height": 116,
        "radius": 0,
        "distance": [[624.6,3927]],
        "velocity": 0,
        "degree": 0,
        "radius1": 0,
        "cycle": 0,
        "blockwidth": 0,
        "blockheight": 0,
        "hastrap":[0,0,0,0],
        "type": "coin",
        "scale": 0.4
    },
    "17": {
        "id": 17,
        "source": "coin_png",
        "rotation": 0,
        "rotation_angle": 0,
        "width": 103,
        "height": 116,
        "radius": 0,
        "distance": [[579,3881]],
        "velocity": 0,
        "degree": 0,
        "radius1": 0,
        "cycle": 0,
        "blockwidth": 0,
        "blockheight": 0,
        "hastrap":[0,0,0,0],
        "type": "coin",
        "scale": 0.4
    },
    "18": {
        "id": 18,
        "source": "coin_png",
        "rotation": 0,
        "rotation_angle": 0,
        "width": 103,
        "height": 116,
        "radius": 0,
        "distance": [[538,3834.4]],
        "velocity": 0,
        "degree": 0,
        "radius1": 0,
        "cycle": 0,
        "blockwidth": 0,
        "blockheight": 0,
        "hastrap":[0,0,0,0],
        "type": "coin",
        "scale": 0.4
    },
    "19": {
        "id": 19,
        "source": "coin_png",
        "rotation": 0,
        "rotation_angle": 0,
        "width": 103,
        "height": 116,
        "radius": 0,
        "distance": [[500.7,3788]],
        "velocity": 0,
        "degree": 0,
        "radius1": 0,
        "cycle": 0,
        "blockwidth": 0,
        "blockheight": 0,
        "hastrap":[0,0,0,0],
        "type": "coin",
        "scale": 0.4
    },
    "20": {
        "id": 20,
        "source": "coin_png",
        "rotation": 0,
        "rotation_angle": 0,
        "width": 103,
        "height": 116,
        "radius": 0,
        "distance": [[461,3741.6]],
        "velocity": 0,
        "degree": 0,
        "radius1": 0,
        "cycle": 0,
        "blockwidth": 0,
        "blockheight": 0,
        "hastrap":[0,0,0,0],
        "type": "coin",
        "scale": 0.4
    },
    "21": {
        "id": 21,
        "source": "coin_png",
        "rotation": 0,
        "rotation_angle": 0,
        "width": 103,
        "height": 116,
        "radius": 0,
        "distance": [[92.9,4356]],
        "velocity": 0,
        "degree": 0,
        "radius1": 0,
        "cycle": 0,
        "blockwidth": 0,
        "blockheight": 0,
        "hastrap":[0,0,0,0],
        "type": "coin",
        "scale": 0.4
    },
    "22": {
        "id": 22,
        "source": "coin_png",
        "rotation": 0,
        "rotation_angle": 0,
        "width": 103,
        "height": 116,
        "radius": 0,
        "distance": [[142.83,4309.6]],
        "velocity": 0,
        "degree": 0,
        "radius1": 0,
        "cycle": 0,
        "blockwidth": 0,
        "blockheight": 0,
        "hastrap":[0,0,0,0],
        "type": "coin",
        "scale": 0.4
    },
    "23": {
        "id": 23,
        "source": "coin_png",
        "rotation": 0,
        "rotation_angle": 0,
        "width": 103,
        "height": 116,
        "radius": 0,
        "distance": [[189.4,4263.2]],
        "velocity": 0,
        "degree": 0,
        "radius1": 0,
        "cycle": 0,
        "blockwidth": 0,
        "blockheight": 0,
        "hastrap":[0,0,0,0],
        "type": "coin",
        "scale": 0.4
    },
    "24": {
        "id": 24,
        "source": "coin_png",
        "rotation": 0,
        "rotation_angle": 0,
        "width": 103,
        "height": 116,
        "radius": 0,
        "distance": [[233,4220.8]],
        "velocity": 0,
        "degree": 0,
        "radius1": 0,
        "cycle": 0,
        "blockwidth": 0,
        "blockheight": 0,
        "hastrap":[0,0,0,0],
        "type": "coin",
        "scale": 0.4
    },
    "25": {
        "id": 25,
        "source": "coin_png",
        "rotation": 0,
        "rotation_angle": 0,
        "width": 103,
        "height": 116,
        "radius": 0,
        "distance": [[279,4174.4]],
        "velocity": 0,
        "degree": 0,
        "radius1": 0,
        "cycle": 0,
        "blockwidth": 0,
        "blockheight": 0,
        "hastrap":[0,0,0,0],
        "type": "coin",
        "scale": 0.4
    },
    "26": {
        "id": 26,
        "source": "coin_png",
        "rotation": 0,
        "rotation_angle": 0,
        "width": 103,
        "height": 116,
        "radius": 0,
        "distance": [[92.9,4267.2]],
        "velocity": 0,
        "degree": 0,
        "radius1": 0,
        "cycle": 0,
        "blockwidth": 0,
        "blockheight": 0,
        "hastrap":[0,0,0,0],
        "type": "coin",
        "scale": 0.4
    },
    "27": {
        "id": 27,
        "source": "coin_png",
        "rotation": 0,
        "rotation_angle": 0,
        "width": 103,
        "height": 116,
        "radius": 0,
        "distance": [[142.83,4220.8]],
        "velocity": 0,
        "degree": 0,
        "radius1": 0,
        "cycle": 0,
        "blockwidth": 0,
        "blockheight": 0,
        "hastrap":[0,0,0,0],
        "type": "coin",
        "scale": 0.4
    },
    "28": {
        "id": 28,
        "source": "coin_png",
        "rotation": 0,
        "rotation_angle": 0,
        "width": 103,
        "height": 116,
        "radius": 0,
        "distance": [[189.4,4174.4]],
        "velocity": 0,
        "degree": 0,
        "radius1": 0,
        "cycle": 0,
        "blockwidth": 0,
        "blockheight": 0,
        "hastrap":[0,0,0,0],
        "type": "coin",
        "scale": 0.4
    },
    "29": {
        "id": 29,
        "source": "coin_png",
        "rotation": 0,
        "rotation_angle": 0,
        "width": 103,
        "height": 116,
        "radius": 0,
        "distance": [[233,4132]],
        "velocity": 0,
        "degree": 0,
        "radius1": 0,
        "cycle": 0,
        "blockwidth": 0,
        "blockheight": 0,
        "hastrap":[0,0,0,0],
        "type": "coin",
        "scale": 0.4
    },
    "30": {
        "id": 30,
        "source": "coin_png",
        "rotation": 0,
        "rotation_angle": 0,
        "width": 103,
        "height": 116,
        "radius": 0,
        "distance": [[279,4085.6]],
        "velocity": 0,
        "degree": 0,
        "radius1": 0,
        "cycle": 0,
        "blockwidth": 0,
        "blockheight": 0,
        "hastrap":[0,0,0,0],
        "type": "coin",
        "scale": 0.4
    },
    "31": {
        "id": 31,
        "source": "coin_png",
        "rotation": 0,
        "rotation_angle": 0,
        "width": 103,
        "height": 116,
        "radius": 0,
        "distance": [[97.7,3699.2]],
        "velocity": 0,
        "degree": 0,
        "radius1": 0,
        "cycle": 0,
        "blockwidth": 0,
        "blockheight": 0,
        "hastrap":[0,0,0,0],
        "type": "coin",
        "scale": 0.4
    },
    "32": {
        "id": 32,
        "source": "coin_png",
        "rotation": 0,
        "rotation_angle": 0,
        "width": 103,
        "height": 116,
        "radius": 0,
        "distance": [[147.63,3652.8]],
        "velocity": 0,
        "degree": 0,
        "radius1": 0,
        "cycle": 0,
        "blockwidth": 0,
        "blockheight": 0,
        "hastrap":[0,0,0,0],
        "type": "coin",
        "scale": 0.4
    },
    "33": {
        "id": 33,
        "source": "coin_png",
        "rotation": 0,
        "rotation_angle": 0,
        "width": 103,
        "height": 116,
        "radius": 0,
        "distance": [[194.2,3606.4]],
        "velocity": 0,
        "degree": 0,
        "radius1": 0,
        "cycle": 0,
        "blockwidth": 0,
        "blockheight": 0,
        "hastrap":[0,0,0,0],
        "type": "coin",
        "scale": 0.4
    },
    "34": {
        "id": 34,
        "source": "coin_png",
        "rotation": 0,
        "rotation_angle": 0,
        "width": 103,
        "height": 116,
        "radius": 0,
        "distance": [[237.8,3564]],
        "velocity": 0,
        "degree": 0,
        "radius1": 0,
        "cycle": 0,
        "blockwidth": 0,
        "blockheight": 0,
        "hastrap":[0,0,0,0],
        "type": "coin",
        "scale": 0.4
    },
    "35": {
        "id": 35,
        "source": "coin_png",
        "rotation": 0,
        "rotation_angle": 0,
        "width": 103,
        "height": 116,
        "radius": 0,
        "distance": [[283.8,3517.6]],
        "velocity": 0,
        "degree": 0,
        "radius1": 0,
        "cycle": 0,
        "blockwidth": 0,
        "blockheight": 0,
        "hastrap":[0,0,0,0],
        "type": "coin",
        "scale": 0.4
    },
    "36": {
        "id": 36,
        "source": "coin_png",
        "rotation": 0,
        "rotation_angle": 0,
        "width": 103,
        "height": 116,
        "radius": 0,
        "distance": [[97.7,3610.4]],
        "velocity": 0,
        "degree": 0,
        "radius1": 0,
        "cycle": 0,
        "blockwidth": 0,
        "blockheight": 0,
        "hastrap":[0,0,0,0],
        "type": "coin",
        "scale": 0.4
    },
    "37": {
        "id": 37,
        "source": "coin_png",
        "rotation": 0,
        "rotation_angle": 0,
        "width": 103,
        "height": 116,
        "radius": 0,
        "distance": [[147.63,3564]],
        "velocity": 0,
        "degree": 0,
        "radius1": 0,
        "cycle": 0,
        "blockwidth": 0,
        "blockheight": 0,
        "hastrap":[0,0,0,0],
        "type": "coin",
        "scale": 0.4
    },
    "38": {
        "id": 38,
        "source": "coin_png",
        "rotation": 0,
        "rotation_angle": 0,
        "width": 103,
        "height": 116,
        "radius": 0,
        "distance": [[194.2,3517.6]],
        "velocity": 0,
        "degree": 0,
        "radius1": 0,
        "cycle": 0,
        "blockwidth": 0,
        "blockheight": 0,
        "hastrap":[0,0,0,0],
        "type": "coin",
        "scale": 0.4
    },
    "39": {
        "id": 39,
        "source": "coin_png",
        "rotation": 0,
        "rotation_angle": 0,
        "width": 103,
        "height": 116,
        "radius": 0,
        "distance": [[237.8,3475.2]],
        "velocity": 0,
        "degree": 0,
        "radius1": 0,
        "cycle": 0,
        "blockwidth": 0,
        "blockheight": 0,
        "hastrap":[0,0,0,0],
        "type": "coin",
        "scale": 0.4
    },
    "40": {
        "id": 40,
        "source": "coin_png",
        "rotation": 0,
        "rotation_angle": 0,
        "width": 103,
        "height": 116,
        "radius": 0,
        "distance": [[283.8,3428.8]],
        "velocity": 0,
        "degree": 0,
        "radius1": 0,
        "cycle": 0,
        "blockwidth": 0,
        "blockheight": 0,
        "hastrap":[0,0,0,0],
        "type": "coin",
        "scale": 0.4
    },
    "41": {
        "id": 41,
        "source": "coin_png",
        "rotation": 0,
        "rotation_angle": 0,
        "width": 103,
        "height": 116,
        "radius": 0,
        "distance": [[200.53,3426]],
        "velocity": 0,
        "degree": 0,
        "radius1": 0,
        "cycle": 0,
        "blockwidth": 0,
        "blockheight": 0,
        "hastrap":[0,0,0,0],
        "type": "coin",
        "scale": 0.4
    },
    "42": {
        "id": 42,
        "source": "coin_png",
        "rotation": 0,
        "rotation_angle": 0,
        "width": 103,
        "height": 116,
        "radius": 0,
        "distance": [[241.73,3379.6]],
        "velocity": 0,
        "degree": 0,
        "radius1": 0,
        "cycle": 0,
        "blockwidth": 0,
        "blockheight": 0,
        "hastrap":[0,0,0,0],
        "type": "coin",
        "scale": 0.4
    },
    "43": {
        "id": 43,
        "source": "coin_png",
        "rotation": 0,
        "rotation_angle": 0,
        "width": 103,
        "height": 116,
        "radius": 0,
        "distance": [[159.33,3379.6]],
        "velocity": 0,
        "degree": 0,
        "radius1": 0,
        "cycle": 0,
        "blockwidth": 0,
        "blockheight": 0,
        "hastrap":[0,0,0,0],
        "type": "coin",
        "scale": 0.4
    },
    "44": {
        "id": 44,
        "source": "coin_png",
        "rotation": 0,
        "rotation_angle": 0,
        "width": 103,
        "height": 116,
        "radius": 0,
        "distance": [[200.53,3333.2]],
        "velocity": 0,
        "degree": 0,
        "radius1": 0,
        "cycle": 0,
        "blockwidth": 0,
        "blockheight": 0,
        "hastrap":[0,0,0,0],
        "type": "coin",
        "scale": 0.4
    },
    "45": {
        "id": 45,
        "source": "coin_png",
        "rotation": 0,
        "rotation_angle": 0,
        "width": 103,
        "height": 116,
        "radius": 0,
        "distance": [[121.83,3333.2]],
        "velocity": 0,
        "degree": 0,
        "radius1": 0,
        "cycle": 0,
        "blockwidth": 0,
        "blockheight": 0,
        "hastrap":[0,0,0,0],
        "type": "coin",
        "scale": 0.4
    },
    "46": {
        "id": 46,
        "source": "coin_png",
        "rotation": 0,
        "rotation_angle": 0,
        "width": 103,
        "height": 116,
        "radius": 0,
        "distance": [[163.43,3286.8]],
        "velocity": 0,
        "degree": 0,
        "radius1": 0,
        "cycle": 0,
        "blockwidth": 0,
        "blockheight": 0,
        "hastrap":[0,0,0,0],
        "type": "coin",
        "scale": 0.4
    },
    "47": {
        "id": 47,
        "source": "coin_png",
        "rotation": 0,
        "rotation_angle": 0,
        "width": 103,
        "height": 116,
        "radius": 0,
        "distance": [[123.83,3240.4]],
        "velocity": 0,
        "degree": 0,
        "radius1": 0,
        "cycle": 0,
        "blockwidth": 0,
        "blockheight": 0,
        "hastrap":[0,0,0,0],
        "type": "coin",
        "scale": 0.4
    },
    "48": {
        "id": 48,
        "source": "coin_png",
        "rotation": 0,
        "rotation_angle": 0,
        "width": 103,
        "height": 116,
        "radius": 0,
        "distance": [[283.8,3428.8]],
        "velocity": 0,
        "degree": 0,
        "radius1": 0,
        "cycle": 0,
        "blockwidth": 0,
        "blockheight": 0,
        "hastrap":[0,0,0,0],
        "type": "coin",
        "scale": 0.4
    },
    "49": {
        "id": 49,
        "source": "coin_png",
        "rotation": 0,
        "rotation_angle": 0,
        "width": 103,
        "height": 116,
        "radius": 0,
        "distance": [[88,3288]],
        "velocity": 0,
        "degree": 0,
        "radius1": 0,
        "cycle": 0,
        "blockwidth": 0,
        "blockheight": 0,
        "hastrap":[0,0,0,0],
        "type": "coin",
        "scale": 0.4
    },
    "50": {
        "id": 50,
        "source": "coin_png",
        "rotation": 0,
        "rotation_angle": 0,
        "width": 103,
        "height": 116,
        "radius": 0,
        "distance": [[283.8,3428.8]],
        "velocity": 0,
        "degree": 0,
        "radius1": 0,
        "cycle": 0,
        "blockwidth": 0,
        "blockheight": 0,
        "hastrap":[0,0,0,0],
        "type": "coin",
        "scale": 0.4
    },
    "51": {
        "id": 51,
        "source": "coin_png",
        "rotation": 0,
        "rotation_angle": 0,
        "width": 103,
        "height": 116,
        "radius": 0,
        "distance": [[95,2992]],
        "velocity": 0,
        "degree": 0,
        "radius1": 0,
        "cycle": 0,
        "blockwidth": 0,
        "blockheight": 0,
        "hastrap":[0,0,0,0],
        "type": "coin",
        "scale": 0.4
    },
    "52": {
        "id": 52,
        "source": "coin_png",
        "rotation": 0,
        "rotation_angle": 0,
        "width": 103,
        "height": 116,
        "radius": 0,
        "distance": [[145,2992]],
        "velocity": 0,
        "degree": 0,
        "radius1": 0,
        "cycle": 0,
        "blockwidth": 0,
        "blockheight": 0,
        "hastrap":[0,0,0,0],
        "type": "coin",
        "scale": 0.4
    },
    "53": {
        "id": 53,
        "source": "coin_png",
        "rotation": 0,
        "rotation_angle": 0,
        "width": 103,
        "height": 116,
        "radius": 0,
        "distance": [[195,2992]],
        "velocity": 0,
        "degree": 0,
        "radius1": 0,
        "cycle": 0,
        "blockwidth": 0,
        "blockheight": 0,
        "hastrap":[0,0,0,0],
        "type": "coin",
        "scale": 0.4
    },
    "54": {
        "id": 54,
        "source": "coin_png",
        "rotation": 0,
        "rotation_angle": 0,
        "width": 103,
        "height": 116,
        "radius": 0,
        "distance": [[245,2992]],
        "velocity": 0,
        "degree": 0,
        "radius1": 0,
        "cycle": 0,
        "blockwidth": 0,
        "blockheight": 0,
        "hastrap":[0,0,0,0],
        "type": "coin",
        "scale": 0.4
    },
    "55": {
        "id": 55,
        "source": "coin_png",
        "rotation": 0,
        "rotation_angle": 0,
        "width": 103,
        "height": 116,
        "radius": 0,
        "distance": [[295,2992]],
        "velocity": 0,
        "degree": 0,
        "radius1": 0,
        "cycle": 0,
        "blockwidth": 0,
        "blockheight": 0,
        "hastrap":[0,0,0,0],
        "type": "coin",
        "scale": 0.4
    },
    "56": {
        "id": 56,
        "source": "coin_png",
        "rotation": 0,
        "rotation_angle": 0,
        "width": 103,
        "height": 116,
        "radius": 0,
        "distance": [[345,2992]],
        "velocity": 0,
        "degree": 0,
        "radius1": 0,
        "cycle": 0,
        "blockwidth": 0,
        "blockheight": 0,
        "hastrap":[0,0,0,0],
        "type": "coin",
        "scale": 0.4
    },
    "57": {
        "id": 57,
        "source": "coin_png",
        "rotation": 0,
        "rotation_angle": 0,
        "width": 103,
        "height": 116,
        "radius": 0,
        "distance": [[395,2992]],
        "velocity": 0,
        "degree": 0,
        "radius1": 0,
        "cycle": 0,
        "blockwidth": 0,
        "blockheight": 0,
        "hastrap":[0,0,0,0],
        "type": "coin",
        "scale": 0.4
    },
    "58": {
        "id": 58,
        "source": "coin_png",
        "rotation": 0,
        "rotation_angle": 0,
        "width": 103,
        "height": 116,
        "radius": 0,
        "distance": [[445,2992]],
        "velocity": 0,
        "degree": 0,
        "radius1": 0,
        "cycle": 0,
        "blockwidth": 0,
        "blockheight": 0,
        "hastrap":[0,0,0,0],
        "type": "coin",
        "scale": 0.4
    },
    "59": {
        "id": 59,
        "source": "coin_png",
        "rotation": 0,
        "rotation_angle": 0,
        "width": 103,
        "height": 116,
        "radius": 0,
        "distance": [[495,2992]],
        "velocity": 0,
        "degree": 0,
        "radius1": 0,
        "cycle": 0,
        "blockwidth": 0,
        "blockheight": 0,
        "hastrap":[0,0,0,0],
        "type": "coin",
        "scale": 0.4
    },
    "60": {
        "id": 60,
        "source": "coin_png",
        "rotation": 0,
        "rotation_angle": 0,
        "width": 103,
        "height": 116,
        "radius": 0,
        "distance": [[545,2992]],
        "velocity": 0,
        "degree": 0,
        "radius1": 0,
        "cycle": 0,
        "blockwidth": 0,
        "blockheight": 0,
        "hastrap":[0,0,0,0],
        "type": "coin",
        "scale": 0.4
    },
    "61": {
        "id": 61,
        "source": "coin_png",
        "rotation": 0,
        "rotation_angle": 0,
        "width": 103,
        "height": 116,
        "radius": 0,
        "distance": [[595,2992]],
        "velocity": 0,
        "degree": 0,
        "radius1": 0,
        "cycle": 0,
        "blockwidth": 0,
        "blockheight": 0,
        "hastrap":[0,0,0,0],
        "type": "coin",
        "scale": 0.4
    },
    "62": {
        "id": 62,
        "source": "coin_png",
        "rotation": 0,
        "rotation_angle": 0,
        "width": 103,
        "height": 116,
        "radius": 0,
        "distance": [[645,2992]],
        "velocity": 0,
        "degree": 0,
        "radius1": 0,
        "cycle": 0,
        "blockwidth": 0,
        "blockheight": 0,
        "hastrap":[0,0,0,0],
        "type": "coin",
        "scale": 0.4
    },
    "63": {
        "id": 63,
        "source": "coin_png",
        "rotation": 0,
        "rotation_angle": 0,
        "width": 103,
        "height": 116,
        "radius": 0,
        "distance": [[95,2942]],
        "velocity": 0,
        "degree": 0,
        "radius1": 0,
        "cycle": 0,
        "blockwidth": 0,
        "blockheight": 0,
        "hastrap":[0,0,0,0],
        "type": "coin",
        "scale": 0.4
    },
    "64": {
        "id": 64,
        "source": "coin_png",
        "rotation": 0,
        "rotation_angle": 0,
        "width": 103,
        "height": 116,
        "radius": 0,
        "distance": [[145,2942]],
        "velocity": 0,
        "degree": 0,
        "radius1": 0,
        "cycle": 0,
        "blockwidth": 0,
        "blockheight": 0,
        "hastrap":[0,0,0,0],
        "type": "coin",
        "scale": 0.4
    },
    "65": {
        "id": 65,
        "source": "coin_png",
        "rotation": 0,
        "rotation_angle": 0,
        "width": 103,
        "height": 116,
        "radius": 0,
        "distance": [[195,2942]],
        "velocity": 0,
        "degree": 0,
        "radius1": 0,
        "cycle": 0,
        "blockwidth": 0,
        "blockheight": 0,
        "hastrap":[0,0,0,0],
        "type": "coin",
        "scale": 0.4
    },
    "66": {
        "id": 66,
        "source": "coin_png",
        "rotation": 0,
        "rotation_angle": 0,
        "width": 103,
        "height": 116,
        "radius": 0,
        "distance": [[245,2942]],
        "velocity": 0,
        "degree": 0,
        "radius1": 0,
        "cycle": 0,
        "blockwidth": 0,
        "blockheight": 0,
        "hastrap":[0,0,0,0],
        "type": "coin",
        "scale": 0.4
    },
    "67": {
        "id": 67,
        "source": "coin_png",
        "rotation": 0,
        "rotation_angle": 0,
        "width": 103,
        "height": 116,
        "radius": 0,
        "distance": [[295,2942]],
        "velocity": 0,
        "degree": 0,
        "radius1": 0,
        "cycle": 0,
        "blockwidth": 0,
        "blockheight": 0,
        "hastrap":[0,0,0,0],
        "type": "coin",
        "scale": 0.4
    },
    "68": {
        "id": 68,
        "source": "coin_png",
        "rotation": 0,
        "rotation_angle": 0,
        "width": 103,
        "height": 116,
        "radius": 0,
        "distance": [[345,2942]],
        "velocity": 0,
        "degree": 0,
        "radius1": 0,
        "cycle": 0,
        "blockwidth": 0,
        "blockheight": 0,
        "hastrap":[0,0,0,0],
        "type": "coin",
        "scale": 0.4
    },
    "69": {
        "id": 69,
        "source": "coin_png",
        "rotation": 0,
        "rotation_angle": 0,
        "width": 103,
        "height": 116,
        "radius": 0,
        "distance": [[395,2942]],
        "velocity": 0,
        "degree": 0,
        "radius1": 0,
        "cycle": 0,
        "blockwidth": 0,
        "blockheight": 0,
        "hastrap":[0,0,0,0],
        "type": "coin",
        "scale": 0.4
    },
    "70": {
        "id": 70,
        "source": "coin_png",
        "rotation": 0,
        "rotation_angle": 0,
        "width": 103,
        "height": 116,
        "radius": 0,
        "distance": [[445,2942]],
        "velocity": 0,
        "degree": 0,
        "radius1": 0,
        "cycle": 0,
        "blockwidth": 0,
        "blockheight": 0,
        "hastrap":[0,0,0,0],
        "type": "coin",
        "scale": 0.4
    },
    "71": {
        "id": 71,
        "source": "coin_png",
        "rotation": 0,
        "rotation_angle": 0,
        "width": 103,
        "height": 116,
        "radius": 0,
        "distance": [[495,2942]],
        "velocity": 0,
        "degree": 0,
        "radius1": 0,
        "cycle": 0,
        "blockwidth": 0,
        "blockheight": 0,
        "hastrap":[0,0,0,0],
        "type": "coin",
        "scale": 0.4
    },
    "72": {
        "id": 72,
        "source": "coin_png",
        "rotation": 0,
        "rotation_angle": 0,
        "width": 103,
        "height": 116,
        "radius": 0,
        "distance": [[545,2942]],
        "velocity": 0,
        "degree": 0,
        "radius1": 0,
        "cycle": 0,
        "blockwidth": 0,
        "blockheight": 0,
        "hastrap":[0,0,0,0],
        "type": "coin",
        "scale": 0.4
    },
    "73": {
        "id": 73,
        "source": "coin_png",
        "rotation": 0,
        "rotation_angle": 0,
        "width": 103,
        "height": 116,
        "radius": 0,
        "distance": [[595,2942]],
        "velocity": 0,
        "degree": 0,
        "radius1": 0,
        "cycle": 0,
        "blockwidth": 0,
        "blockheight": 0,
        "hastrap":[0,0,0,0],
        "type": "coin",
        "scale": 0.4
    },
    "74": {
        "id": 74,
        "source": "coin_png",
        "rotation": 0,
        "rotation_angle": 0,
        "width": 103,
        "height": 116,
        "radius": 0,
        "distance": [[645,2942]],
        "velocity": 0,
        "degree": 0,
        "radius1": 0,
        "cycle": 0,
        "blockwidth": 0,
        "blockheight": 0,
        "hastrap":[0,0,0,0],
        "type": "coin",
        "scale": 0.4
    },
    "75": {
        "id": 75,
        "source": "coin_png",
        "rotation": 0,
        "rotation_angle": 0,
        "width": 103,
        "height": 116,
        "radius": 0,
        "distance": [[95,2892]],
        "velocity": 0,
        "degree": 0,
        "radius1": 0,
        "cycle": 0,
        "blockwidth": 0,
        "blockheight": 0,
        "hastrap":[0,0,0,0],
        "type": "coin",
        "scale": 0.4
    },
    "76": {
        "id": 76,
        "source": "coin_png",
        "rotation": 0,
        "rotation_angle": 0,
        "width": 103,
        "height": 116,
        "radius": 0,
        "distance": [[145,2892]],
        "velocity": 0,
        "degree": 0,
        "radius1": 0,
        "cycle": 0,
        "blockwidth": 0,
        "blockheight": 0,
        "hastrap":[0,0,0,0],
        "type": "coin",
        "scale": 0.4
    },
    "77": {
        "id": 77,
        "source": "coin_png",
        "rotation": 0,
        "rotation_angle": 0,
        "width": 103,
        "height": 116,
        "radius": 0,
        "distance": [[195,2892]],
        "velocity": 0,
        "degree": 0,
        "radius1": 0,
        "cycle": 0,
        "blockwidth": 0,
        "blockheight": 0,
        "hastrap":[0,0,0,0],
        "type": "coin",
        "scale": 0.4
    },
    "78": {
        "id": 78,
        "source": "coin_png",
        "rotation": 0,
        "rotation_angle": 0,
        "width": 103,
        "height": 116,
        "radius": 0,
        "distance": [[245,2892]],
        "velocity": 0,
        "degree": 0,
        "radius1": 0,
        "cycle": 0,
        "blockwidth": 0,
        "blockheight": 0,
        "hastrap":[0,0,0,0],
        "type": "coin",
        "scale": 0.4
    },
    "79": {
        "id": 79,
        "source": "coin_png",
        "rotation": 0,
        "rotation_angle": 0,
        "width": 103,
        "height": 116,
        "radius": 0,
        "distance": [[295,2892]],
        "velocity": 0,
        "degree": 0,
        "radius1": 0,
        "cycle": 0,
        "blockwidth": 0,
        "blockheight": 0,
        "hastrap":[0,0,0,0],
        "type": "coin",
        "scale": 0.4
    },
    "80": {
        "id": 80,
        "source": "coin_png",
        "rotation": 0,
        "rotation_angle": 0,
        "width": 103,
        "height": 116,
        "radius": 0,
        "distance": [[345,2892]],
        "velocity": 0,
        "degree": 0,
        "radius1": 0,
        "cycle": 0,
        "blockwidth": 0,
        "blockheight": 0,
        "hastrap":[0,0,0,0],
        "type": "coin",
        "scale": 0.4
    },
    "81": {
        "id": 81,
        "source": "coin_png",
        "rotation": 0,
        "rotation_angle": 0,
        "width": 103,
        "height": 116,
        "radius": 0,
        "distance": [[395,2892]],
        "velocity": 0,
        "degree": 0,
        "radius1": 0,
        "cycle": 0,
        "blockwidth": 0,
        "blockheight": 0,
        "hastrap":[0,0,0,0],
        "type": "coin",
        "scale": 0.4
    },
    "82": {
        "id": 82,
        "source": "coin_png",
        "rotation": 0,
        "rotation_angle": 0,
        "width": 103,
        "height": 116,
        "radius": 0,
        "distance": [[445,2892]],
        "velocity": 0,
        "degree": 0,
        "radius1": 0,
        "cycle": 0,
        "blockwidth": 0,
        "blockheight": 0,
        "hastrap":[0,0,0,0],
        "type": "coin",
        "scale": 0.4
    },
    "83": {
        "id": 83,
        "source": "coin_png",
        "rotation": 0,
        "rotation_angle": 0,
        "width": 103,
        "height": 116,
        "radius": 0,
        "distance": [[495,2892]],
        "velocity": 0,
        "degree": 0,
        "radius1": 0,
        "cycle": 0,
        "blockwidth": 0,
        "blockheight": 0,
        "hastrap":[0,0,0,0],
        "type": "coin",
        "scale": 0.4
    },
    "84": {
        "id": 84,
        "source": "coin_png",
        "rotation": 0,
        "rotation_angle": 0,
        "width": 103,
        "height": 116,
        "radius": 0,
        "distance": [[545,2892]],
        "velocity": 0,
        "degree": 0,
        "radius1": 0,
        "cycle": 0,
        "blockwidth": 0,
        "blockheight": 0,
        "hastrap":[0,0,0,0],
        "type": "coin",
        "scale": 0.4
    },
    "85": {
        "id": 85,
        "source": "coin_png",
        "rotation": 0,
        "rotation_angle": 0,
        "width": 103,
        "height": 116,
        "radius": 0,
        "distance": [[595,2892]],
        "velocity": 0,
        "degree": 0,
        "radius1": 0,
        "cycle": 0,
        "blockwidth": 0,
        "blockheight": 0,
        "hastrap":[0,0,0,0],
        "type": "coin",
        "scale": 0.4
    },
    "86": {
        "id": 86,
        "source": "coin_png",
        "rotation": 0,
        "rotation_angle": 0,
        "width": 103,
        "height": 116,
        "radius": 0,
        "distance": [[645,2892]],
        "velocity": 0,
        "degree": 0,
        "radius1": 0,
        "cycle": 0,
        "blockwidth": 0,
        "blockheight": 0,
        "hastrap":[0,0,0,0],
        "type": "coin",
        "scale": 0.4
    },
    "87": {
        "id": 87,
        "source": "coin_png",
        "rotation": 0,
        "rotation_angle": 0,
        "width": 103,
        "height": 116,
        "radius": 0,
        "distance": [[95,2842]],
        "velocity": 0,
        "degree": 0,
        "radius1": 0,
        "cycle": 0,
        "blockwidth": 0,
        "blockheight": 0,
        "hastrap":[0,0,0,0],
        "type": "coin",
        "scale": 0.4
    },
    "88": {
        "id": 88,
        "source": "coin_png",
        "rotation": 0,
        "rotation_angle": 0,
        "width": 103,
        "height": 116,
        "radius": 0,
        "distance": [[145,2842]],
        "velocity": 0,
        "degree": 0,
        "radius1": 0,
        "cycle": 0,
        "blockwidth": 0,
        "blockheight": 0,
        "hastrap":[0,0,0,0],
        "type": "coin",
        "scale": 0.4
    },
    "89": {
        "id": 89,
        "source": "coin_png",
        "rotation": 0,
        "rotation_angle": 0,
        "width": 103,
        "height": 116,
        "radius": 0,
        "distance": [[195,2842]],
        "velocity": 0,
        "degree": 0,
        "radius1": 0,
        "cycle": 0,
        "blockwidth": 0,
        "blockheight": 0,
        "hastrap":[0,0,0,0],
        "type": "coin",
        "scale": 0.4
    },
    "90": {
        "id": 90,
        "source": "coin_png",
        "rotation": 0,
        "rotation_angle": 0,
        "width": 103,
        "height": 116,
        "radius": 0,
        "distance": [[245,2842]],
        "velocity": 0,
        "degree": 0,
        "radius1": 0,
        "cycle": 0,
        "blockwidth": 0,
        "blockheight": 0,
        "hastrap":[0,0,0,0],
        "type": "coin",
        "scale": 0.4
    },
    "91": {
        "id": 91,
        "source": "coin_png",
        "rotation": 0,
        "rotation_angle": 0,
        "width": 103,
        "height": 116,
        "radius": 0,
        "distance": [[295,2842]],
        "velocity": 0,
        "degree": 0,
        "radius1": 0,
        "cycle": 0,
        "blockwidth": 0,
        "blockheight": 0,
        "hastrap":[0,0,0,0],
        "type": "coin",
        "scale": 0.4
    },
    "92": {
        "id": 92,
        "source": "coin_png",
        "rotation": 0,
        "rotation_angle": 0,
        "width": 103,
        "height": 116,
        "radius": 0,
        "distance": [[345,2842]],
        "velocity": 0,
        "degree": 0,
        "radius1": 0,
        "cycle": 0,
        "blockwidth": 0,
        "blockheight": 0,
        "hastrap":[0,0,0,0],
        "type": "coin",
        "scale": 0.4
    },
    "93": {
        "id": 93,
        "source": "coin_png",
        "rotation": 0,
        "rotation_angle": 0,
        "width": 103,
        "height": 116,
        "radius": 0,
        "distance": [[395,2842]],
        "velocity": 0,
        "degree": 0,
        "radius1": 0,
        "cycle": 0,
        "blockwidth": 0,
        "blockheight": 0,
        "hastrap":[0,0,0,0],
        "type": "coin",
        "scale": 0.4
    },
    "94": {
        "id": 94,
        "source": "coin_png",
        "rotation": 0,
        "rotation_angle": 0,
        "width": 103,
        "height": 116,
        "radius": 0,
        "distance": [[445,2842]],
        "velocity": 0,
        "degree": 0,
        "radius1": 0,
        "cycle": 0,
        "blockwidth": 0,
        "blockheight": 0,
        "hastrap":[0,0,0,0],
        "type": "coin",
        "scale": 0.4
    },
    "95": {
        "id": 95,
        "source": "coin_png",
        "rotation": 0,
        "rotation_angle": 0,
        "width": 103,
        "height": 116,
        "radius": 0,
        "distance": [[495,2842]],
        "velocity": 0,
        "degree": 0,
        "radius1": 0,
        "cycle": 0,
        "blockwidth": 0,
        "blockheight": 0,
        "hastrap":[0,0,0,0],
        "type": "coin",
        "scale": 0.4
    },
    "96": {
        "id": 96,
        "source": "coin_png",
        "rotation": 0,
        "rotation_angle": 0,
        "width": 103,
        "height": 116,
        "radius": 0,
        "distance": [[545,2842]],
        "velocity": 0,
        "degree": 0,
        "radius1": 0,
        "cycle": 0,
        "blockwidth": 0,
        "blockheight": 0,
        "hastrap":[0,0,0,0],
        "type": "coin",
        "scale": 0.4
    },
    "97": {
        "id": 97,
        "source": "coin_png",
        "rotation": 0,
        "rotation_angle": 0,
        "width": 103,
        "height": 116,
        "radius": 0,
        "distance": [[595,2842]],
        "velocity": 0,
        "degree": 0,
        "radius1": 0,
        "cycle": 0,
        "blockwidth": 0,
        "blockheight": 0,
        "hastrap":[0,0,0,0],
        "type": "coin",
        "scale": 0.4
    },
    "98": {
        "id": 98,
        "source": "coin_png",
        "rotation": 0,
        "rotation_angle": 0,
        "width": 103,
        "height": 116,
        "radius": 0,
        "distance": [[645,2842]],
        "velocity": 0,
        "degree": 0,
        "radius1": 0,
        "cycle": 0,
        "blockwidth": 0,
        "blockheight": 0,
        "hastrap":[0,0,0,0],
        "type": "coin",
        "scale": 0.4
    },
    "99": {
        "id": 1,
        "type": "coinBox",
        "distance": [
            [
                275,
                2000
            ]
        ],
        "source": "",
        "rotation_angle": 0,
        "width": 298,
        "height": 278,
        "radius": 0,
        "rotation": 0,
        "velocity": 0,
        "degree": 0,
        "radius1": 0,
        "cycle": 0,
        "cycle_point": 0,
        "hastrap": [],
        "scale": 1
    }
}