{
    "1": {
        "id": 1,
        "source": "2x1_png",
        "rotation": 0,
        "rotation_angle": 90,
        "width": 216,
        "height": 116,
        "radius": 0,
        "distance": [[375,359]],
        "velocity": 0,
        "degree": 0,
        "radius1": 0,
        "cycle": 0,
        "blockwidth": 0,
        "blockheight": 0,
        "hastrap":[0,0,0,0],
        "type": "block",
        "scale": 1,
        "cycle_point":[]
    },
    "2": {
        "id": 2,
        "source": "2x1_png",
        "rotation": 0,
        "rotation_angle": 90,
        "width": 216,
        "height": 116,
        "radius": 0,
        "distance": [[375,542]],
        "velocity": 0,
        "degree": 0,
        "radius1": 0,
        "cycle": 0,
        "blockwidth": 0,
        "blockheight": 0,
        "hastrap":[0,0,0,0],
        "type": "block",
        "scale": 1,
        "cycle_point":[]
    },
    "3": {
        "id": 3,
        "source": "2x1_png",
        "rotation": 0,
        "rotation_angle": 90,
        "width": 216,
        "height": 116,
        "radius": 0,
        "distance": [[375,719]],
        "velocity": 0,
        "degree": 0,
        "radius1": 0,
        "cycle": 0,
        "blockwidth": 0,
        "blockheight": 0,
        "hastrap":[0,0,0,0],
        "type": "block",
        "scale": 1,
        "cycle_point":[]
    },
    "4": {
        "id": 4,
        "source": "2x1_png",
        "rotation": 0,
        "rotation_angle": 90,
        "width": 216,
        "height": 116,
        "radius": 0,
        "distance": [[375,892]],
        "velocity": 0,
        "degree": 0,
        "radius1": 0,
        "cycle": 0,
        "blockwidth": 0,
        "blockheight": 0,
        "hastrap":[0,0,0,0],
        "type": "block",
        "scale": 1,
        "cycle_point":[]
    },
    "5": {
        "id": 5,
        "source": "attacking_enemy_0_png",
        "rotation": 0,
        "rotation_angle": 0,
        "width": 69,
        "height": 96,
        "radius": 0,
        "distance": [[346.5,165]],
        "velocity": 0,
        "degree": 0,
        "radius1": 0,
        "cycle": 0,
        "blockwidth": 0,
        "blockheight": 0,
        "hastrap":[0,0,0,0],
        "type": "enemy",
        "scale": 1,
        "cycle_point":[]
    },
    "6": {
        "id": 6,
        "source": "small_blade_png",
        "rotation": 2,
        "rotation_angle": 0,
        "width": 0,
        "height": 0,
        "radius": 53,
        "distance": [[375,892]],
        "velocity": 0,
        "degree": 3,
        "radius1": 170,
        "cycle": 180,
        "blockwidth": 0,
        "blockheight": 0,
        "hastrap":[0,0,0,0],
        "type": "swingBlade",
        "scale": 0.8,
        "cycle_point":[375,892]
    },
    "7": {
        "id": 7,
        "source": "small_blade_png",
        "rotation": 2,
        "rotation_angle": 0,
        "width": 0,
        "height": 0,
        "radius": 53,
        "distance": [[375,359]],
        "velocity": 0,
        "degree": 3,
        "radius1": 170,
        "cycle": -360,
        "blockwidth": 0,
        "blockheight": 0,
        "hastrap":[0,0,0,0],
        "type": "swingBlade",
        "scale": 0.8,
        "cycle_point":[375,359]
    }
}