{
    "1": {
        "id": 1,
        "source": "2x1_png",
        "rotation": 0,
        "rotation_angle": 0,
        "width": 216,
        "height": 116,
        "radius": 0,
        "distance": [[565,372]],
        "velocity": 0,
        "degree": 0,
        "radius1": 0,
        "cycle": 0,
        "blockwidth": 0,
        "blockheight": 0,
        "hastrap":[0,0,0,0],
        "type": "block",
        "scale": 1
    },
    "2": {
        "id": 2,
        "source": "2x1_png",
        "rotation": 2,
        "rotation_angle": 0,
        "width": 216,
        "height": 116,
        "radius": 0,
        "distance": [[375,609]],
        "velocity": 0,
        "degree": 0,
        "radius1": 0,
        "cycle": 0,
        "blockwidth": 0,
        "blockheight": 0,
        "hastrap":[1,1,1,1],
        "type": "block",
        "scale": 1
    },
    "3": {
        "id": 3,
        "source": "2x1_png",
        "rotation": 0,
        "rotation_angle": 0,
        "width": 216,
        "height": 116,
        "radius": 0,
        "distance": [[169,857]],
        "velocity": 0,
        "degree": 0,
        "radius1": 0,
        "cycle": 0,
        "blockwidth": 0,
        "blockheight": 0,
        "hastrap":[0,0,0,0],
        "type": "block",
        "scale": 1
    },
    "4": {
        "id": 4,
        "source": "attacking_enemy_0_png",
        "rotation": 0,
        "rotation_angle": 0,
        "width": 69,
        "height": 96,
        "radius": 0,
        "distance": [[149,712.5]],
        "velocity": 0,
        "degree": 0,
        "radius1": 0,
        "cycle": 0,
        "blockwidth": 0,
        "blockheight": 0,
        "hastrap":[0,0,0,0],
        "type": "enemy",
        "scale": 1
    }
}