{
    "1": {
        "id": 1,
        "source": "2x1_png",
        "rotation": 0,
        "rotation_angle": 90,
        "width": 216,
        "height": 116,
        "radius": 0,
        "distance": [[375,353.6]],
        "velocity": 0,
        "degree": 0,
        "radius1": 0,
        "cycle": 0,
        "blockwidth": 0,
        "blockheight": 0,
        "hastrap":[0,0,0,0],
        "type": "block",
        "scale": 0.7,
        "cycle_point":[]
    },
    "2": {
        "id": 2,
        "source": "2x1_png",
        "rotation": 0,
        "rotation_angle": 0,
        "width": 216,
        "height": 116,
        "radius": 0,
        "distance": [[375,836.6]],
        "velocity": 0,
        "degree": 0,
        "radius1": 0,
        "cycle": 0,
        "blockwidth": 0,
        "blockheight": 0,
        "hastrap":[0,0,0,0],
        "type": "block",
        "scale": 0.7,
        "cycle_point":[]
    },
    "3": {
        "id": 3,
        "source": "small_blade_png",
        "rotation": 2,
        "rotation_angle": 0,
        "width": 0,
        "height": 0,
        "radius": 53,
        "distance": [[375,353.6]],
        "velocity": 0,
        "degree": 2,
        "radius1": 180,
        "cycle": 360,
        "blockwidth": 0,
        "blockheight": 0,
        "hastrap":[0,0,0,0],
        "type": "swingBlade",
        "scale": 0.8,
        "cycle_point":[375,353.6]
    }
}