{
    "1": {
        "id": 1,
        "source": "2x1_png",
        "rotation": 2,
        "rotation_angle": 0,
        "width": 216,
        "height": 116,
        "radius": 0,
        "distance": [[455,510]],
        "velocity": 0,
        "degree": 0,
        "radius1": 0,
        "cycle": 0,
        "blockwidth": 0,
        "blockheight": 0,
        "hastrap":[1,1,1,1],
        "type": "block",
        "scale": 1
    },
    "2": {
        "id": 2,
        "source": "2x1_png",
        "rotation": 2,
        "rotation_angle": 0,
        "width": 216,
        "height": 116,
        "radius": 0,
        "distance": [[239,165]],
        "velocity": 0,
        "degree": 0,
        "radius1": 0,
        "cycle": 0,
        "blockwidth": 0,
        "blockheight": 0,
        "hastrap":[1,1,1,1],
        "type": "block",
        "scale": 1
    },
    "3": {
        "id": 3,
        "source": "2x1_png",
        "rotation": 0,
        "rotation_angle": 0,
        "width": 216,
        "height": 116,
        "radius": 0,
        "distance": [[207,1125]],
        "velocity": 0,
        "degree": 0,
        "radius1": 0,
        "cycle": 0,
        "blockwidth": 0,
        "blockheight": 0,
        "hastrap":[0,0,0,0],
        "type": "block",
        "scale": 1.3
    },
    "4": {
        "id": 4,
        "source": "1x1block_png",
        "rotation": 0,
        "rotation_angle": 0,
        "width": 116,
        "height": 116,
        "radius": 0,
        "distance": [[125,743]],
        "velocity": 0,
        "degree": 0,
        "radius1": 0,
        "cycle": 0,
        "blockwidth": 0,
        "blockheight": 0,
        "hastrap":[0,0,0,0],
        "type": "block",
        "scale": 1
    }
}