{
    "1": {
        "id": 1,
        "source": "2x1_png",
        "rotation": 0,
        "rotation_angle": 0,
        "width": 280.8,
        "height": 150.8,
        "radius": 0,
        "distance": [
            [
                146,
                2833.9
            ]
        ],
        "velocity": 0,
        "degree": 0,
        "radius1": 0,
        "cycle": 0,
        "blockwidth": 0,
        "blockheight": 0,
        "hastrap": [
            0,
            0,
            0,
            0
        ],
        "type": "block",
        "scale": 1.3
    },
    "2": {
        "id": 2,
        "source": "2x1_png",
        "rotation": 0,
        "rotation_angle": 0,
        "width": 280.8,
        "height": 150.8,
        "radius": 0,
        "distance": [
            [
                609,
                2833.9
            ]
        ],
        "velocity": 0,
        "degree": 0,
        "radius1": 0,
        "cycle": 0,
        "blockwidth": 0,
        "blockheight": 0,
        "hastrap": [
            0,
            0,
            0,
            0
        ],
        "type": "block",
        "scale": 1.3
    },
    "3": {
        "id": 3,
        "source": "small_blade_png",
        "rotation": 2,
        "rotation_angle": 0,
        "width": 0,
        "height": 0,
        "radius": 53,
        "distance": [
            [
                241.3,
                2886.4
            ]
        ],
        "velocity": 0,
        "degree": 0,
        "radius1": 0,
        "cycle": 0,
        "blockwidth": 0,
        "blockheight": 0,
        "hastrap": [
            0,
            0,
            0,
            0
        ],
        "type": "blade",
        "scale": 1
    },
    "4": {
        "id": 4,
        "source": "small_blade_png",
        "rotation": 2,
        "rotation_angle": 0,
        "width": 0,
        "height": 0,
        "radius": 53,
        "distance": [
            [
                499.4,
                2891.9
            ]
        ],
        "velocity": 0,
        "degree": 0,
        "radius1": 0,
        "cycle": 0,
        "blockwidth": 0,
        "blockheight": 0,
        "hastrap": [
            0,
            0,
            0,
            0
        ],
        "type": "blade",
        "scale": 1
    },
    "5": {
        "id": 5,
        "source": "small_blade_png",
        "rotation": 2,
        "rotation_angle": 0,
        "width": 0,
        "height": 0,
        "radius": 79.5,
        "distance": [
            [
                84,
                2775.9
            ]
        ],
        "velocity": 0,
        "degree": 0,
        "radius1": 0,
        "cycle": 0,
        "blockwidth": 0,
        "blockheight": 0,
        "hastrap": [
            0,
            0,
            0,
            0
        ],
        "type": "blade",
        "scale": 1.5
    },
    "6": {
        "id": 6,
        "source": "small_blade_png",
        "rotation": 2,
        "rotation_angle": 0,
        "width": 0,
        "height": 0,
        "radius": 79.5,
        "distance": [
            [
                669,
                2775.9
            ]
        ],
        "velocity": 0,
        "degree": 0,
        "radius1": 0,
        "cycle": 0,
        "blockwidth": 0,
        "blockheight": 0,
        "hastrap": [
            0,
            0,
            0,
            0
        ],
        "type": "blade",
        "scale": 1.5
    },
    "7": {
        "id": 7,
        "source": "spikes_png",
        "rotation": 0,
        "rotation_angle": 90,
        "width": 100,
        "height": 30,
        "radius": 0,
        "distance": [
            [
                114.06,
                2597.15
            ]
        ],
        "velocity": 0,
        "degree": 0,
        "radius1": 0,
        "cycle": 0,
        "blockwidth": 0,
        "blockheight": 0,
        "hastrap": [
            0,
            0,
            0,
            0
        ],
        "type": "trap",
        "scale": 1
    },
    "8": {
        "id": 8,
        "source": "spikes_png",
        "rotation": 0,
        "rotation_angle": 90,
        "width": 100,
        "height": 30,
        "radius": 0,
        "distance": [
            [
                114.06,
                2503.23
            ]
        ],
        "velocity": 0,
        "degree": 0,
        "radius1": 0,
        "cycle": 0,
        "blockwidth": 0,
        "blockheight": 0,
        "hastrap": [
            0,
            0,
            0,
            0
        ],
        "type": "trap",
        "scale": 1
    },
    "9": {
        "id": 9,
        "source": "spikes_png",
        "rotation": 0,
        "rotation_angle": 90,
        "width": 100,
        "height": 30,
        "radius": 0,
        "distance": [
            [
                114.06,
                2409.31
            ]
        ],
        "velocity": 0,
        "degree": 0,
        "radius1": 0,
        "cycle": 0,
        "blockwidth": 0,
        "blockheight": 0,
        "hastrap": [
            0,
            0,
            0,
            0
        ],
        "type": "trap",
        "scale": 1
    },
    "10": {
        "id": 10,
        "source": "spikes_png",
        "rotation": 0,
        "rotation_angle": 270,
        "width": 100,
        "height": 30,
        "radius": 0,
        "distance": [
            [
                629.34,
                2503.23
            ]
        ],
        "velocity": 0,
        "degree": 0,
        "radius1": 0,
        "cycle": 0,
        "blockwidth": 0,
        "blockheight": 0,
        "hastrap": [
            0,
            0,
            0,
            0
        ],
        "type": "trap",
        "scale": 1
    },
    "11": {
        "id": 11,
        "source": "spikes_png",
        "rotation": 0,
        "rotation_angle": 270,
        "width": 100,
        "height": 30,
        "radius": 0,
        "distance": [
            [
                629.34,
                2600.19
            ]
        ],
        "velocity": 0,
        "degree": 0,
        "radius1": 0,
        "cycle": 0,
        "blockwidth": 0,
        "blockheight": 0,
        "hastrap": [
            0,
            0,
            0,
            0
        ],
        "type": "trap",
        "scale": 1
    },
    "12": {
        "id": 12,
        "source": "spikes_png",
        "rotation": 0,
        "rotation_angle": 270,
        "width": 100,
        "height": 30,
        "radius": 0,
        "distance": [
            [
                629.34,
                2697.15
            ]
        ],
        "velocity": 0,
        "degree": 0,
        "radius1": 0,
        "cycle": 0,
        "blockwidth": 0,
        "blockheight": 0,
        "hastrap": [
            0,
            0,
            0,
            0
        ],
        "type": "trap",
        "scale": 1
    },
    "13": {
        "id": 13,
        "source": "2x1_png",
        "rotation": 0,
        "rotation_angle": 0,
        "width": 216,
        "height": 116,
        "radius": 0,
        "distance": [
            [
                172,
                1924.22
            ]
        ],
        "velocity": 0,
        "degree": 0,
        "radius1": 0,
        "cycle": 0,
        "blockwidth": 0,
        "blockheight": 0,
        "hastrap": [
            0,
            0,
            0,
            0
        ],
        "type": "block",
        "scale": 1
    },
    "14": {
        "id": 14,
        "source": "2x1_png",
        "rotation": 0,
        "rotation_angle": 0,
        "width": 216,
        "height": 116,
        "radius": 0,
        "distance": [
            [
                565,
                1533.5
            ]
        ],
        "velocity": 0,
        "degree": 0,
        "radius1": 0,
        "cycle": 0,
        "blockwidth": 0,
        "blockheight": 0,
        "hastrap": [
            0,
            0,
            0,
            0
        ],
        "type": "block",
        "scale": 1
    },
    "15": {
        "id": 15,
        "source": "spikes_png",
        "rotation": 0,
        "rotation_angle": 180,
        "width": 100,
        "height": 30,
        "radius": 0,
        "distance": [
            [
                246,
                2002.22
            ]
        ],
        "velocity": 0,
        "degree": 0,
        "radius1": 0,
        "cycle": 0,
        "blockwidth": 0,
        "blockheight": 0,
        "hastrap": [
            0,
            0,
            0,
            0
        ],
        "type": "trap",
        "scale": 1
    },
    "16": {
        "id": 16,
        "source": "spikes_png",
        "rotation": 0,
        "rotation_angle": 90,
        "width": 100,
        "height": 30,
        "radius": 0,
        "distance": [
            [
                298.4,
                1873.22
            ]
        ],
        "velocity": 0,
        "degree": 0,
        "radius1": 0,
        "cycle": 0,
        "blockwidth": 0,
        "blockheight": 0,
        "hastrap": [
            0,
            0,
            0,
            0
        ],
        "type": "trap",
        "scale": 1
    },
    "17": {
        "id": 17,
        "source": "spikes_png",
        "rotation": 0,
        "rotation_angle": 0,
        "width": 100,
        "height": 30,
        "radius": 0,
        "distance": [
            [
                179,
                1845.22
            ]
        ],
        "velocity": 0,
        "degree": 0,
        "radius1": 0,
        "cycle": 0,
        "blockwidth": 0,
        "blockheight": 0,
        "hastrap": [
            0,
            0,
            0,
            0
        ],
        "type": "trap",
        "scale": 1
    },
    "18": {
        "id": 18,
        "source": "spikes_png",
        "rotation": 0,
        "rotation_angle": 0,
        "width": 100,
        "height": 30,
        "radius": 0,
        "distance": [
            [
                86,
                1844.92
            ]
        ],
        "velocity": 0,
        "degree": 0,
        "radius1": 0,
        "cycle": 0,
        "blockwidth": 0,
        "blockheight": 0,
        "hastrap": [
            0,
            0,
            0,
            0
        ],
        "type": "trap",
        "scale": 1
    },
    "19": {
        "id": 19,
        "source": "spikes_png",
        "rotation": 0,
        "rotation_angle": 270,
        "width": 100,
        "height": 30,
        "radius": 0,
        "distance": [
            [
                438.6,
                1581.42
            ]
        ],
        "velocity": 0,
        "degree": 0,
        "radius1": 0,
        "cycle": 0,
        "blockwidth": 0,
        "blockheight": 0,
        "hastrap": [
            0,
            0,
            0,
            0
        ],
        "type": "trap",
        "scale": 1
    },
    "20": {
        "id": 20,
        "source": "spikes_png",
        "rotation": 0,
        "rotation_angle": 180,
        "width": 100,
        "height": 30,
        "radius": 0,
        "distance": [
            [
                655.67,
                1606.5
            ]
        ],
        "velocity": 0,
        "degree": 0,
        "radius1": 0,
        "cycle": 0,
        "blockwidth": 0,
        "blockheight": 0,
        "hastrap": [
            0,
            0,
            0,
            0
        ],
        "type": "trap",
        "scale": 1
    },
    "21": {
        "id": 21,
        "source": "spikes_png",
        "rotation": 0,
        "rotation_angle": 180,
        "width": 100,
        "height": 30,
        "radius": 0,
        "distance": [
            [
                563,
                1606.5
            ]
        ],
        "velocity": 0,
        "degree": 0,
        "radius1": 0,
        "cycle": 0,
        "blockwidth": 0,
        "blockheight": 0,
        "hastrap": [
            0,
            0,
            0,
            0
        ],
        "type": "trap",
        "scale": 1
    },
    "22": {
        "id": 22,
        "source": "2x1_png",
        "rotation": 0,
        "rotation_angle": 0,
        "width": 216,
        "height": 116,
        "radius": 0,
        "distance": [
            [
                179.73,
                1190.92
            ]
        ],
        "velocity": 0,
        "degree": 0,
        "radius1": 0,
        "cycle": 0,
        "blockwidth": 0,
        "blockheight": 0,
        "hastrap": [
            0,
            0,
            0,
            0
        ],
        "type": "block",
        "scale": 1
    },
    "23": {
        "id": 23,
        "source": "2x1_png",
        "rotation": 0,
        "rotation_angle": 0,
        "width": 216,
        "height": 116,
        "radius": 0,
        "distance": [
            [
                563,
                747
            ]
        ],
        "velocity": 0,
        "degree": 0,
        "radius1": 0,
        "cycle": 0,
        "blockwidth": 0,
        "blockheight": 0,
        "hastrap": [
            0,
            0,
            0,
            0
        ],
        "type": "block",
        "scale": 1
    },
    "24": {
        "id": 24,
        "source": "spikes_png",
        "rotation": 0,
        "rotation_angle": 270,
        "width": 100,
        "height": 30,
        "radius": 0,
        "distance": [
            [
                436,
                789
            ]
        ],
        "velocity": 0,
        "degree": 0,
        "radius1": 0,
        "cycle": 0,
        "blockwidth": 0,
        "blockheight": 0,
        "hastrap": [
            0,
            0,
            0,
            0
        ],
        "type": "trap",
        "scale": 1
    },
    "25": {
        "id": 25,
        "source": "2x1_png",
        "rotation": 2,
        "rotation_angle": 0,
        "width": 216,
        "height": 116,
        "radius": 0,
        "distance": [
            [
                387,
                378.79
            ]
        ],
        "velocity": 0,
        "degree": 0,
        "radius1": 0,
        "cycle": 0,
        "blockwidth": 0,
        "blockheight": 0,
        "hastrap": [
            1,
            1,
            1,
            1
        ],
        "type": "block",
        "scale": 1
    },
    "26": {
        "id": 26,
        "source": "spikes_png",
        "rotation": 0,
        "rotation_angle": 90,
        "width": 100,
        "height": 30,
        "radius": 0,
        "distance": [
            [
                116.9,
                1700.98
            ]
        ],
        "velocity": 0,
        "degree": 0,
        "radius1": 0,
        "cycle": 0,
        "blockwidth": 0,
        "blockheight": 0,
        "hastrap": [
            0,
            0,
            0,
            0
        ],
        "type": "trap",
        "scale": 1
    },
    "27": {
        "id": 27,
        "source": "spikes_png",
        "rotation": 0,
        "rotation_angle": 90,
        "width": 100,
        "height": 30,
        "radius": 0,
        "distance": [
            [
                116.9,
                1607.5
            ]
        ],
        "velocity": 0,
        "degree": 0,
        "radius1": 0,
        "cycle": 0,
        "blockwidth": 0,
        "blockheight": 0,
        "hastrap": [
            0,
            0,
            0,
            0
        ],
        "type": "trap",
        "scale": 1
    },
    "28": {
        "id": 28,
        "source": "spikes_png",
        "rotation": 0,
        "rotation_angle": 90,
        "width": 100,
        "height": 30,
        "radius": 0,
        "distance": [
            [
                116.9,
                1516
            ]
        ],
        "velocity": 0,
        "degree": 0,
        "radius1": 0,
        "cycle": 0,
        "blockwidth": 0,
        "blockheight": 0,
        "hastrap": [
            0,
            0,
            0,
            0
        ],
        "type": "trap",
        "scale": 1
    },
    "29": {
        "id": 29,
        "source": "spikes_png",
        "rotation": 0,
        "rotation_angle": 90,
        "width": 100,
        "height": 30,
        "radius": 0,
        "distance": [
            [
                116.9,
                1424
            ]
        ],
        "velocity": 0,
        "degree": 0,
        "radius1": 0,
        "cycle": 0,
        "blockwidth": 0,
        "blockheight": 0,
        "hastrap": [
            0,
            0,
            0,
            0
        ],
        "type": "trap",
        "scale": 1
    },
    "30": {
        "id": 30,
        "source": "spikes_png",
        "rotation": 0,
        "rotation_angle": 90,
        "width": 100,
        "height": 30,
        "radius": 0,
        "distance": [
            [
                116.9,
                1330
            ]
        ],
        "velocity": 0,
        "degree": 0,
        "radius1": 0,
        "cycle": 0,
        "blockwidth": 0,
        "blockheight": 0,
        "hastrap": [
            0,
            0,
            0,
            0
        ],
        "type": "trap",
        "scale": 1
    },
    "31": {
        "id": 31,
        "source": "spikes_png",
        "rotation": 0,
        "rotation_angle": 180,
        "width": 100,
        "height": 30,
        "radius": 0,
        "distance": [
            [
                186.73,
                1268.92
            ]
        ],
        "velocity": 0,
        "degree": 0,
        "radius1": 0,
        "cycle": 0,
        "blockwidth": 0,
        "blockheight": 0,
        "hastrap": [
            0,
            0,
            0,
            0
        ],
        "type": "trap",
        "scale": 1
    },
    "32": {
        "id": 32,
        "source": "spikes_png",
        "rotation": 0,
        "rotation_angle": 180,
        "width": 100,
        "height": 30,
        "radius": 0,
        "distance": [
            [
                279.73,
                1268.92
            ]
        ],
        "velocity": 0,
        "degree": 0,
        "radius1": 0,
        "cycle": 0,
        "blockwidth": 0,
        "blockheight": 0,
        "hastrap": [
            0,
            0,
            0,
            0
        ],
        "type": "trap",
        "scale": 1
    },
    "33": {
        "id": 33,
        "source": "spikes_png",
        "rotation": 0,
        "rotation_angle": 90,
        "width": 100,
        "height": 30,
        "radius": 0,
        "distance": [
            [
                309,
                1142.92
            ]
        ],
        "velocity": 0,
        "degree": 0,
        "radius1": 0,
        "cycle": 0,
        "blockwidth": 0,
        "blockheight": 0,
        "hastrap": [
            0,
            0,
            0,
            0
        ],
        "type": "trap",
        "scale": 1
    },
    "34": {
        "id": 34,
        "source": "spikes_png",
        "rotation": 0,
        "rotation_angle": 0,
        "width": 100,
        "height": 30,
        "radius": 0,
        "distance": [
            [
                183.97,
                1111.92
            ]
        ],
        "velocity": 0,
        "degree": 0,
        "radius1": 0,
        "cycle": 0,
        "blockwidth": 0,
        "blockheight": 0,
        "hastrap": [
            0,
            0,
            0,
            0
        ],
        "type": "trap",
        "scale": 1
    },
    "35": {
        "id": 35,
        "source": "spikes_png",
        "rotation": 0,
        "rotation_angle": 0,
        "width": 100,
        "height": 30,
        "radius": 0,
        "distance": [
            [
                88.3,
                1111.92
            ]
        ],
        "velocity": 0,
        "degree": 0,
        "radius1": 0,
        "cycle": 0,
        "blockwidth": 0,
        "blockheight": 0,
        "hastrap": [
            0,
            0,
            0,
            0
        ],
        "type": "trap",
        "scale": 1
    },
    "36": {
        "id": 36,
        "source": "small_blade_png",
        "rotation": 2,
        "rotation_angle": 0,
        "width": 0,
        "height": 0,
        "radius": 53,
        "distance": [
            [
                658.67,
                1435
            ]
        ],
        "velocity": 0,
        "degree": 0,
        "radius1": 0,
        "cycle": 0,
        "blockwidth": 0,
        "blockheight": 0,
        "hastrap": [
            0,
            0,
            0,
            0
        ],
        "type": "blade",
        "scale": 1
    },
    "37": {
        "id": 37,
        "source": "small_blade_png",
        "rotation": 2,
        "rotation_angle": 0,
        "width": 0,
        "height": 0,
        "radius": 53,
        "distance": [
            [
                658.67,
                1330
            ]
        ],
        "velocity": 0,
        "degree": 0,
        "radius1": 0,
        "cycle": 0,
        "blockwidth": 0,
        "blockheight": 0,
        "hastrap": [
            0,
            0,
            0,
            0
        ],
        "type": "blade",
        "scale": 1
    },
    "38": {
        "id": 38,
        "source": "small_blade_png",
        "rotation": 2,
        "rotation_angle": 0,
        "width": 0,
        "height": 0,
        "radius": 53,
        "distance": [
            [
                658.67,
                1225
            ]
        ],
        "velocity": 0,
        "degree": 0,
        "radius1": 0,
        "cycle": 0,
        "blockwidth": 0,
        "blockheight": 0,
        "hastrap": [
            0,
            0,
            0,
            0
        ],
        "type": "blade",
        "scale": 1
    },
    "39": {
        "id": 39,
        "source": "small_blade_png",
        "rotation": 2,
        "rotation_angle": 0,
        "width": 0,
        "height": 0,
        "radius": 53,
        "distance": [
            [
                658.67,
                1117.5
            ]
        ],
        "velocity": 0,
        "degree": 0,
        "radius1": 0,
        "cycle": 0,
        "blockwidth": 0,
        "blockheight": 0,
        "hastrap": [
            0,
            0,
            0,
            0
        ],
        "type": "blade",
        "scale": 1
    },
    "40": {
        "id": 40,
        "source": "small_blade_png",
        "rotation": 2,
        "rotation_angle": 0,
        "width": 0,
        "height": 0,
        "radius": 53,
        "distance": [
            [
                658.67,
                1012.5
            ]
        ],
        "velocity": 0,
        "degree": 0,
        "radius1": 0,
        "cycle": 0,
        "blockwidth": 0,
        "blockheight": 0,
        "hastrap": [
            0,
            0,
            0,
            0
        ],
        "type": "blade",
        "scale": 1
    },
    "41": {
        "id": 41,
        "source": "small_blade_png",
        "rotation": 2,
        "rotation_angle": 0,
        "width": 0,
        "height": 0,
        "radius": 53,
        "distance": [
            [
                658.67,
                907.5
            ]
        ],
        "velocity": 0,
        "degree": 0,
        "radius1": 0,
        "cycle": 0,
        "blockwidth": 0,
        "blockheight": 0,
        "hastrap": [
            0,
            0,
            0,
            0
        ],
        "type": "blade",
        "scale": 1
    },
    "42": {
        "id": 42,
        "source": "small_blade_png",
        "rotation": 2,
        "rotation_angle": 0,
        "width": 0,
        "height": 0,
        "radius": 53,
        "distance": [
            [
                500.7,
                812.5
            ]
        ],
        "velocity": 0,
        "degree": 0,
        "radius1": 0,
        "cycle": 0,
        "blockwidth": 0,
        "blockheight": 0,
        "hastrap": [
            0,
            0,
            0,
            0
        ],
        "type": "blade",
        "scale": 0.7
    },
    "43": {
        "id": 43,
        "source": "small_blade_png",
        "rotation": 2,
        "rotation_angle": 0,
        "width": 0,
        "height": 0,
        "radius": 53,
        "distance": [
            [
                574.9,
                812.5
            ]
        ],
        "velocity": 0,
        "degree": 0,
        "radius1": 0,
        "cycle": 0,
        "blockwidth": 0,
        "blockheight": 0,
        "hastrap": [
            0,
            0,
            0,
            0
        ],
        "type": "blade",
        "scale": 0.7
    },
    "44": {
        "id": 44,
        "source": "small_blade_png",
        "rotation": 2,
        "rotation_angle": 0,
        "width": 0,
        "height": 0,
        "radius": 53,
        "distance": [
            [
                649.1,
                812.5
            ]
        ],
        "velocity": 0,
        "degree": 0,
        "radius1": 0,
        "cycle": 0,
        "blockwidth": 0,
        "blockheight": 0,
        "hastrap": [
            0,
            0,
            0,
            0
        ],
        "type": "blade",
        "scale": 0.7
    },
    "45": {
        "id": 45,
        "source": "small_blade_png",
        "rotation": 2,
        "rotation_angle": 0,
        "width": 0,
        "height": 0,
        "radius": 53,
        "distance": [
            [
                86,
                1279.67
            ]
        ],
        "velocity": 0,
        "degree": 0,
        "radius1": 0,
        "cycle": 0,
        "blockwidth": 0,
        "blockheight": 0,
        "hastrap": [
            0,
            0,
            0,
            0
        ],
        "type": "blade",
        "scale": 0.7
    },
    "46": {
        "id": 46,
        "source": "small_blade_png",
        "rotation": 2,
        "rotation_angle": 0,
        "width": 0,
        "height": 0,
        "radius": 53,
        "distance": [
            [
                86,
                1519.72
            ]
        ],
        "velocity": 0,
        "degree": 0,
        "radius1": 0,
        "cycle": 0,
        "blockwidth": 0,
        "blockheight": 0,
        "hastrap": [
            0,
            0,
            0,
            0
        ],
        "type": "blade",
        "scale": 0.7
    },
    "47": {
        "id": 47,
        "source": "small_blade_png",
        "rotation": 2,
        "rotation_angle": 0,
        "width": 0,
        "height": 0,
        "radius": 53,
        "distance": [
            [
                86,
                1826.47
            ]
        ],
        "velocity": 0,
        "degree": 0,
        "radius1": 0,
        "cycle": 0,
        "blockwidth": 0,
        "blockheight": 0,
        "hastrap": [
            0,
            0,
            0,
            0
        ],
        "type": "blade",
        "scale": 0.7
    },
    "48": {
        "id": 48,
        "source": "small_blade_png",
        "rotation": 2,
        "rotation_angle": 0,
        "width": 0,
        "height": 0,
        "radius": 53,
        "distance": [
            [
                519,
                1475.5
            ]
        ],
        "velocity": 0,
        "degree": 0,
        "radius1": 0,
        "cycle": 0,
        "blockwidth": 0,
        "blockheight": 0,
        "hastrap": [
            0,
            0,
            0,
            0
        ],
        "type": "blade",
        "scale": 0.7
    }
}