{
    "1": {
        "id": 1,
        "source": "2x1_png",
        "rotation": 0,
        "rotation_angle": 0,
        "width": 216,
        "height": 116,
        "radius": 0,
        "distance": [[375,3884]],
        "velocity": 0,
        "degree": 0,
        "radius1": 0,
        "cycle": 0,
        "blockwidth": 0,
        "blockheight": 0,
        "hastrap":[0,0,0,0],
        "type": "block",
        "scale": 1,
        "cycle_point":[]
    },
    "2": {
        "id": 2,
        "source": "2x1_png",
        "rotation": 0,
        "rotation_angle": 0,
        "width": 216,
        "height": 116,
        "radius": 0,
        "distance": [[369.67,3536]],
        "velocity": 0,
        "degree": 0,
        "radius1": 0,
        "cycle": 0,
        "blockwidth": 0,
        "blockheight": 0,
        "hastrap":[0,0,0,0],
        "type": "block",
        "scale": 1,
        "cycle_point":[]
    },
    "3": {
        "id": 3,
        "source": "2x1_png",
        "rotation": 0,
        "rotation_angle": 0,
        "width": 216,
        "height": 116,
        "radius": 0,
        "distance": [[561.6,3536]],
        "velocity": 0,
        "degree": 0,
        "radius1": 0,
        "cycle": 0,
        "blockwidth": 0,
        "blockheight": 0,
        "hastrap":[0,0,0,0],
        "type": "block",
        "scale": 1,
        "cycle_point":[]
    },
    "4": {
        "id": 4,
        "source": "2x1_png",
        "rotation": 0,
        "rotation_angle": 0,
        "width": 216,
        "height": 116,
        "radius": 0,
        "distance": [[375,3226]],
        "velocity": 0,
        "degree": 0,
        "radius1": 0,
        "cycle": 0,
        "blockwidth": 0,
        "blockheight": 0,
        "hastrap":[0,0,0,0],
        "type": "block",
        "scale": 1,
        "cycle_point":[]
    },
    "5": {
        "id": 5,
        "source": "2x1_png",
        "rotation": 0,
        "rotation_angle": 0,
        "width": 216,
        "height": 116,
        "radius": 0,
        "distance": [[184.07,2894]],
        "velocity": 0,
        "degree": 0,
        "radius1": 0,
        "cycle": 0,
        "blockwidth": 0,
        "blockheight": 0,
        "hastrap":[0,0,0,0],
        "type": "block",
        "scale": 1,
        "cycle_point":[]
    },
    "6": {
        "id": 6,
        "source": "1x1block_png",
        "rotation": 0,
        "rotation_angle": 0,
        "width": 116,
        "height": 116,
        "radius": 0,
        "distance": [[332.4,2894]],
        "velocity": 0,
        "degree": 0,
        "radius1": 0,
        "cycle": 0,
        "blockwidth": 0,
        "blockheight": 0,
        "hastrap":[0,0,0,0],
        "type": "block",
        "scale": 1,
        "cycle_point":[]
    },
    "7": {
        "id": 7,
        "source": "2x1_png",
        "rotation": 0,
        "rotation_angle": 0,
        "width": 216,
        "height": 116,
        "radius": 0,
        "distance": [[375,2567]],
        "velocity": 0,
        "degree": 0,
        "radius1": 0,
        "cycle": 0,
        "blockwidth": 0,
        "blockheight": 0,
        "hastrap":[0,0,0,0],
        "type": "block",
        "scale": 1,
        "cycle_point":[]
    },
    "8": {
        "id": 8,
        "source": "1x1block_png",
        "rotation": 0,
        "rotation_angle": 0,
        "width": 116,
        "height": 116,
        "radius": 0,
        "distance": [[413,2229]],
        "velocity": 0,
        "degree": 0,
        "radius1": 0,
        "cycle": 0,
        "blockwidth": 0,
        "blockheight": 0,
        "hastrap":[0,0,0,0],
        "type": "block",
        "scale": 1,
        "cycle_point":[]
    },
    "9": {
        "id": 9,
        "source": "2x1_png",
        "rotation": 0,
        "rotation_angle": 0,
        "width": 216,
        "height": 116,
        "radius": 0,
        "distance": [[561.6,2229]],
        "velocity": 0,
        "degree": 0,
        "radius1": 0,
        "cycle": 0,
        "blockwidth": 0,
        "blockheight": 0,
        "hastrap":[0,0,0,0],
        "type": "block",
        "scale": 1,
        "cycle_point":[]
    },
    "10": {
        "id": 10,
        "source": "2x1_png",
        "rotation": 0,
        "rotation_angle": 0,
        "width": 216,
        "height": 116,
        "radius": 0,
        "distance": [[375,1831]],
        "velocity": 0,
        "degree": 0,
        "radius1": 0,
        "cycle": 0,
        "blockwidth": 0,
        "blockheight": 0,
        "hastrap":[0,0,0,0],
        "type": "block",
        "scale": 1,
        "cycle_point":[]
    },
    "11": {
        "id": 11,
        "source": "spikes_png",
        "rotation": 0,
        "rotation_angle": 90,
        "width": 100,
        "height": 30,
        "radius": 0,
        "distance": [[115,1836]],
        "velocity": 0,
        "degree": 0,
        "radius1": 0,
        "cycle": 0,
        "blockwidth": 0,
        "blockheight": 0,
        "hastrap":[0,0,0,0],
        "type": "trap",
        "scale": 1,
        "cycle_point":[]
    },
    "12": {
        "id": 12,
        "source": "spikes_png",
        "rotation": 0,
        "rotation_angle": 90,
        "width": 100,
        "height": 30,
        "radius": 0,
        "distance": [[115,1929]],
        "velocity": 0,
        "degree": 0,
        "radius1": 0,
        "cycle": 0,
        "blockwidth": 0,
        "blockheight": 0,
        "hastrap":[0,0,0,0],
        "type": "trap",
        "scale": 1,
        "cycle_point":[]
    },
    "13": {
        "id": 13,
        "source": "spikes_png",
        "rotation": 0,
        "rotation_angle": 90,
        "width": 100,
        "height": 30,
        "radius": 0,
        "distance": [[115,2338]],
        "velocity": 0,
        "degree": 0,
        "radius1": 0,
        "cycle": 0,
        "blockwidth": 0,
        "blockheight": 0,
        "hastrap":[0,0,0,0],
        "type": "trap",
        "scale": 1,
        "cycle_point":[]
    },
    "14": {
        "id": 14,
        "source": "spikes_png",
        "rotation": 0,
        "rotation_angle": 90,
        "width": 100,
        "height": 30,
        "radius": 0,
        "distance": [[115,2979]],
        "velocity": 0,
        "degree": 0,
        "radius1": 0,
        "cycle": 0,
        "blockwidth": 0,
        "blockheight": 0,
        "hastrap":[0,0,0,0],
        "type": "trap",
        "scale": 1,
        "cycle_point":[]
    },
    "15": {
        "id": 15,
        "source": "spikes_png",
        "rotation": 0,
        "rotation_angle": 90,
        "width": 100,
        "height": 30,
        "radius": 0,
        "distance": [[115,3487]],
        "velocity": 0,
        "degree": 0,
        "radius1": 0,
        "cycle": 0,
        "blockwidth": 0,
        "blockheight": 0,
        "hastrap":[0,0,0,0],
        "type": "trap",
        "scale": 1,
        "cycle_point":[]
    },
    "16": {
        "id": 16,
        "source": "spikes_png",
        "rotation": 0,
        "rotation_angle": 270,
        "width": 100,
        "height": 30,
        "radius": 0,
        "distance": [[245.67,1881]],
        "velocity": 0,
        "degree": 0,
        "radius1": 0,
        "cycle": 0,
        "blockwidth": 0,
        "blockheight": 0,
        "hastrap":[0,0,0,0],
        "type": "trap",
        "scale": 1,
        "cycle_point":[]
    },
    "17": {
        "id": 17,
        "source": "spikes_png",
        "rotation": 0,
        "rotation_angle": 270,
        "width": 100,
        "height": 30,
        "radius": 0,
        "distance": [[632,2104]],
        "velocity": 0,
        "degree": 0,
        "radius1": 0,
        "cycle": 0,
        "blockwidth": 0,
        "blockheight": 0,
        "hastrap":[0,0,0,0],
        "type": "trap",
        "scale": 1,
        "cycle_point":[]
    },
    "18": {
        "id": 18,
        "source": "spikes_png",
        "rotation": 0,
        "rotation_angle": 270,
        "width": 100,
        "height": 30,
        "radius": 0,
        "distance": [[632,3432]],
        "velocity": 0,
        "degree": 0,
        "radius1": 0,
        "cycle": 0,
        "blockwidth": 0,
        "blockheight": 0,
        "hastrap":[0,0,0,0],
        "type": "trap",
        "scale": 1,
        "cycle_point":[]
    },
    "19": {
        "id": 19,
        "source": "spikes_png",
        "rotation": 0,
        "rotation_angle": 270,
        "width": 100,
        "height": 30,
        "radius": 0,
        "distance": [[240,3587]],
        "velocity": 0,
        "degree": 0,
        "radius1": 0,
        "cycle": 0,
        "blockwidth": 0,
        "blockheight": 0,
        "hastrap":[0,0,0,0],
        "type": "trap",
        "scale": 1,
        "cycle_point":[]
    },
    "20": {
        "id": 20,
        "source": "spikes_png",
        "rotation": 0,
        "rotation_angle": 0,
        "width": 100,
        "height": 30,
        "radius": 0,
        "distance": [[420.07,2149]],
        "velocity": 0,
        "degree": 0,
        "radius1": 0,
        "cycle": 0,
        "blockwidth": 0,
        "blockheight": 0,
        "hastrap":[0,0,0,0],
        "type": "trap",
        "scale": 1,
        "cycle_point":[]
    },
    "21": {
        "id": 21,
        "source": "spikes_png",
        "rotation": 0,
        "rotation_angle": 180,
        "width": 100,
        "height": 30,
        "radius": 0,
        "distance": [[425,2646]],
        "velocity": 0,
        "degree": 0,
        "radius1": 0,
        "cycle": 0,
        "blockwidth": 0,
        "blockheight": 0,
        "hastrap":[0,0,0,0],
        "type": "trap",
        "scale": 1,
        "cycle_point":[]
    },
    "22": {
        "id": 22,
        "source": "small_blade_png",
        "rotation": 2,
        "rotation_angle": 0,
        "width": 0,
        "height": 0,
        "radius": 53,
        "distance": [[85,1513]],
        "velocity": 0,
        "degree": 0,
        "radius1": 0,
        "cycle": 0,
        "blockwidth": 0,
        "blockheight": 0,
        "hastrap":[0,0,0,0],
        "type": "blade",
        "scale": 0.8,
        "cycle_point":[]
    },
    "23": {
        "id": 23,
        "source": "small_blade_png",
        "rotation": 2,
        "rotation_angle": 0,
        "width": 0,
        "height": 0,
        "radius": 53,
        "distance": [[85,1626]],
        "velocity": 0,
        "degree": 0,
        "radius1": 0,
        "cycle": 0,
        "blockwidth": 0,
        "blockheight": 0,
        "hastrap":[0,0,0,0],
        "type": "blade",
        "scale": 0.8,
        "cycle_point":[]
    },
    "24": {
        "id": 24,
        "source": "small_blade_png",
        "rotation": 2,
        "rotation_angle": 0,
        "width": 0,
        "height": 0,
        "radius": 53,
        "distance": [[655,1513]],
        "velocity": 0,
        "degree": 0,
        "radius1": 0,
        "cycle": 0,
        "blockwidth": 0,
        "blockheight": 0,
        "hastrap":[0,0,0,0],
        "type": "blade",
        "scale": 0.8,
        "cycle_point":[]
    },
    "25": {
        "id": 25,
        "source": "small_blade_png",
        "rotation": 2,
        "rotation_angle": 0,
        "width": 0,
        "height": 0,
        "radius": 53,
        "distance": [[655,1626]],
        "velocity": 0,
        "degree": 0,
        "radius1": 0,
        "cycle": 0,
        "blockwidth": 0,
        "blockheight": 0,
        "hastrap":[0,0,0,0],
        "type": "blade",
        "scale": 0.8,
        "cycle_point":[]
    },
    "26": {
        "id": 26,
        "source": "small_blade_png",
        "rotation": 2,
        "rotation_angle": 0,
        "width": 0,
        "height": 0,
        "radius": 53,
        "distance": [[355,2229],[85,2229]],
        "velocity": 10,
        "degree": 0,
        "radius1": 0,
        "cycle": 0,
        "blockwidth": 0,
        "blockheight": 0,
        "hastrap":[0,0,0,0],
        "type": "blade",
        "scale": 0.8,
        "cycle_point":[]
    },
    "27": {
        "id": 27,
        "source": "small_blade_png",
        "rotation": 2,
        "rotation_angle": 0,
        "width": 0,
        "height": 0,
        "radius": 53,
        "distance": [[617.6,2323.4]],
        "velocity": 0,
        "degree": 0,
        "radius1": 0,
        "cycle": 0,
        "blockwidth": 0,
        "blockheight": 0,
        "hastrap":[0,0,0,0],
        "type": "blade",
        "scale": 0.8,
        "cycle_point":[]
    },
    "28": {
        "id": 28,
        "source": "small_blade_png",
        "rotation": 2,
        "rotation_angle": 0,
        "width": 0,
        "height": 0,
        "radius": 53,
        "distance": [[119.47,2737]],
        "velocity": 0,
        "degree": 0,
        "radius1": 0,
        "cycle": 0,
        "blockwidth": 0,
        "blockheight": 0,
        "hastrap":[0,0,0,0],
        "type": "blade",
        "scale": 0.8,
        "cycle_point":[]
    },
    "29": {
        "id": 29,
        "source": "small_blade_png",
        "rotation": 2,
        "rotation_angle": 0,
        "width": 0,
        "height": 0,
        "radius": 53,
        "distance": [[182.2,2809.2]],
        "velocity": 0,
        "degree": 0,
        "radius1": 0,
        "cycle": 0,
        "blockwidth": 0,
        "blockheight": 0,
        "hastrap":[0,0,0,0],
        "type": "blade",
        "scale": 0.8,
        "cycle_point":[]
    },
    "30": {
        "id": 30,
        "source": "small_blade_png",
        "rotation": 2,
        "rotation_angle": 0,
        "width": 0,
        "height": 0,
        "radius": 53,
        "distance": [[420,2894]],
        "velocity": 0,
        "degree": 0,
        "radius1": 0,
        "cycle": 0,
        "blockwidth": 0,
        "blockheight": 0,
        "hastrap":[0,0,0,0],
        "type": "blade",
        "scale": 0.8,
        "cycle_point":[]
    },
    "31": {
        "id": 31,
        "source": "small_blade_png",
        "rotation": 2,
        "rotation_angle": 0,
        "width": 0,
        "height": 0,
        "radius": 53,
        "distance": [[655,2894]],
        "velocity": 0,
        "degree": 0,
        "radius1": 0,
        "cycle": 0,
        "blockwidth": 0,
        "blockheight": 0,
        "hastrap":[0,0,0,0],
        "type": "blade",
        "scale": 0.8,
        "cycle_point":[]
    },
    "32": {
        "id": 32,
        "source": "small_blade_png",
        "rotation": 2,
        "rotation_angle": 0,
        "width": 0,
        "height": 0,
        "radius": 53,
        "distance": [[375,2567]],
        "velocity": 0,
        "degree": 2,
        "radius1": 180,
        "cycle": 360,
        "blockwidth": 0,
        "blockheight": 0,
        "hastrap":[0,0,0,0],
        "type": "swingBlade",
        "scale": 1,
        "cycle_point":[375,2567]
    },
    "33": {
        "id": 33,
        "source": "small_blade_png",
        "rotation": 2,
        "rotation_angle": 0,
        "width": 0,
        "height": 0,
        "radius": 53,
        "distance": [[375,3226]],
        "velocity": 0,
        "degree": 2,
        "radius1": 170,
        "cycle": 360,
        "blockwidth": 0,
        "blockheight": 0,
        "hastrap":[0,0,0,0],
        "type": "swingBlade",
        "scale": 1,
        "cycle_point":[375,3226]
    },
    "34": {
        "id": 34,
        "source": "small_blade_png",
        "rotation": 2,
        "rotation_angle": 0,
        "width": 0,
        "height": 0,
        "radius": 53,
        "distance": [[375,3884]],
        "velocity": 0,
        "degree": 2,
        "radius1": 180,
        "cycle": 360,
        "blockwidth": 0,
        "blockheight": 0,
        "hastrap":[0,0,0,0],
        "type": "swingBlade",
        "scale": 1,
        "cycle_point":[375,3884]
    }
}