{
    "1": {
        "id": 1,
        "source": "small_blade_png",
        "rotation": 2,
        "rotation_angle": 0,
        "width": 0,
        "height": 0,
        "radius": 53,
        "distance": [[614.4,1103.1],[614.4,1111.1]],
        "velocity": 6,
        "degree": 0,
        "radius1": 0,
        "cycle": 0,
        "blockwidth": 0,
        "blockheight": 0,
        "hastrap":[0,0,0,0],
        "type": "blade",
        "scale": 0.7,
        "cycle_point":[]
    },
    "2": {
        "id": 2,
        "source": "large_blade_png",
        "rotation": 2,
        "rotation_angle": 0,
        "width": 0,
        "height": 0,
        "radius": 82,
        "distance": [[594,812],[156,542]],
        "velocity": 6,
        "degree": 0,
        "radius1": 0,
        "cycle": 0,
        "blockwidth": 0,
        "blockheight": 0,
        "hastrap":[0,0,0,0],
        "type": "blade",
        "scale": 0.7,
        "cycle_point":[]
    },
    "3": {
        "id": 3,
        "source": "large_blade_png",
        "rotation": 2,
        "rotation_angle": 0,
        "width": 0,
        "height": 0,
        "radius": 82,
        "distance": [[156,92],[594,362]],
        "velocity": 6,
        "degree": 0,
        "radius1": 0,
        "cycle": 0,
        "blockwidth": 0,
        "blockheight": 0,
        "hastrap":[0,0,0,0],
        "type": "blade",
        "scale": 0.7,
        "cycle_point":[]
    },
    "4": {
        "id": 4,
        "source": "1x1block_png",
        "rotation": 0,
        "rotation_angle": 0,
        "width": 116,
        "height": 116,
        "radius": 0,
        "distance": [[118,902]],
        "velocity": 0,
        "degree": 0,
        "radius1": 0,
        "cycle": 0,
        "blockwidth": 100,
        "blockheight": 30,
        "hastrap":[0,0,0,1],
        "type": "block",
        "scale": 1,
        "cycle_point":[]
    }
}