{
    "1": {
        "id": 1,
        "source": "1x1block_png",
        "rotation": 0,
        "rotation_angle": 0,
        "width": 116,
        "height": 116,
        "radius": 0,
        "distance": [[627,172]],
        "velocity": 0,
        "degree": 0,
        "radius1": 0,
        "cycle": 0,
        "blockwidth": 100,
        "blockheight": 30,
        "hastrap":[0,0,1,0],
        "type": "block",
        "scale": 1,
        "cycle_point":[]
    },
    "2": {
        "id": 2,
        "source": "1x1block_png",
        "rotation": 0,
        "rotation_angle": 0,
        "width": 116,
        "height": 116,
        "radius": 0,
        "distance": [[116,451]],
        "velocity": 0,
        "degree": 0,
        "radius1": 0,
        "cycle": 0,
        "blockwidth": 100,
        "blockheight": 30,
        "hastrap":[0,0,0,1],
        "type": "block",
        "scale": 1,
        "cycle_point":[]
    },
    "3": {
        "id": 3,
        "source": "small_blade_png",
        "rotation": 2,
        "rotation_angle": 0,
        "width": 0,
        "height": 0,
        "radius": 53,
        "distance": [[158,1146.4],[592,907]],
        "velocity": 6,
        "degree": 0,
        "radius1": 0,
        "cycle": 0,
        "blockwidth": 0,
        "blockheight": 0,
        "hastrap":[0,0,0,0],
        "type": "blade",
        "scale": 1,
        "cycle_point":[]
    },
    "4": {
        "id": 4,
        "source": "2x1_png",
        "rotation": 0,
        "rotation_angle": 0,
        "width": 216,
        "height": 116,
        "radius": 0,
        "distance": [[577,782]],
        "velocity": 0,
        "degree": 0,
        "radius1": 0,
        "cycle": 0,
        "blockwidth": 0,
        "blockheight": 0,
        "hastrap":[0,0,0,0],
        "type": "block",
        "scale": 1,
        "cycle_point":[]
    },
    "5": {
        "id": 5,
        "source": "attacking_enemy_0_png",
        "rotation": 0,
        "rotation_angle": 0,
        "width": 69,
        "height": 96,
        "radius": 0,
        "distance": [[487,638]],
        "velocity": 0,
        "degree": 0,
        "radius1": 0,
        "cycle": 0,
        "blockwidth": 0,
        "blockheight": 0,
        "hastrap":[0,0,0,0],
        "type": "enemy",
        "scale": 1,
        "cycle_point":[]
    }
}