{
    "1": {
        "id": 1,
        "source": "2x1_png",
        "rotation": 0,
        "rotation_angle": 0,
        "width": 216,
        "height": 116,
        "radius": 0,
        "distance": [[566,783]],
        "velocity": 0,
        "degree": 0,
        "radius1": 0,
        "cycle": 0,
        "blockwidth": 0,
        "blockheight": 0,
        "hastrap":[0,0,0,0],
        "type": "block",
        "scale": 1
    },
    "2": {
        "id": 2,
        "source": "2x1_png",
        "rotation": 0,
        "rotation_angle": 0,
        "width": 216,
        "height": 116,
        "radius": 0,
        "distance": [[169,1068]],
        "velocity": 0,
        "degree": 0,
        "radius1": 0,
        "cycle": 0,
        "blockwidth": 0,
        "blockheight": 0,
        "hastrap":[0,0,0,0],
        "type": "block",
        "scale": 1
    },
    "3": {
        "id": 3,
        "source": "1x1block_png",
        "rotation": 0,
        "rotation_angle": 0,
        "width": 116,
        "height": 116,
        "radius": 0,
        "distance": [[616,241]],
        "velocity": 0,
        "degree": 0,
        "radius1": 0,
        "cycle": 0,
        "blockwidth": 0,
        "blockheight": 0,
        "hastrap":[0,0,0,0],
        "type": "block",
        "scale": 1
    },
    "4": {
        "id": 4,
        "source": "1x1block_png",
        "rotation": 0,
        "rotation_angle": 0,
        "width": 116,
        "height": 116,
        "radius": 0,
        "distance": [[356,487]],
        "velocity": 0,
        "degree": 0,
        "radius1": 0,
        "cycle": 0,
        "blockwidth": 0,
        "blockheight": 0,
        "hastrap":[0,0,0,0],
        "type": "block",
        "scale": 1
    },
    "5": {
        "id": 5,
        "source": "1x1block_png",
        "rotation": 0,
        "rotation_angle": 0,
        "width": 116,
        "height": 116,
        "radius": 0,
        "distance": [[134,241]],
        "velocity": 0,
        "degree": 0,
        "radius1": 0,
        "cycle": 0,
        "blockwidth": 0,
        "blockheight": 0,
        "hastrap":[0,0,0,0],
        "type": "block",
        "scale": 1
    },
    "6": {
        "id": 6,
        "source": "spikes_png",
        "rotation": 0,
        "rotation_angle": 0,
        "width": 100,
        "height": 30,
        "radius": 0,
        "distance": [[306,406.75]],
        "velocity": 0,
        "degree": 0,
        "radius1": 0,
        "cycle": 0,
        "blockwidth": 0,
        "blockheight": 0,
        "hastrap":[0,0,0,0],
        "type": "trap",
        "scale": 1
    },
    "7": {
        "id": 7,
        "source": "attacking_enemy_0_png",
        "rotation": 0,
        "rotation_angle": 0,
        "width": 69,
        "height": 96,
        "radius": 0,
        "distance": [[593.56,98.97]],
        "velocity": 0,
        "degree": 0,
        "radius1": 0,
        "cycle": 0,
        "blockwidth": 0,
        "blockheight": 0,
        "hastrap":[0,0,0,0],
        "type": "enemy",
        "scale": 1
    },
    "8": {
        "id": 8,
        "source": "attacking_enemy_0_png",
        "rotation": 0,
        "rotation_angle": 0,
        "width": 69,
        "height": 96,
        "radius": 0,
        "distance": [[91.99,98.97]],
        "velocity": 0,
        "degree": 0,
        "radius1": 0,
        "cycle": 0,
        "blockwidth": 0,
        "blockheight": 0,
        "hastrap":[0,0,0,0],
        "type": "enemy",
        "scale": 1
    }
}