{
    "1": {
        "id": 1,
        "source": "1x1block_png",
        "rotation": 0,
        "rotation_angle": 0,
        "width": 116,
        "height": 116,
        "radius": 0,
        "distance": [[617,803]],
        "velocity": 0,
        "degree": 0,
        "radius1": 0,
        "cycle": 0,
        "blockwidth": 0,
        "blockheight": 0,
        "hastrap":[0,0,0,0],
        "type": "block",
        "scale": 1
    },
    "2": {
        "id": 1,
        "source": "1x1block_png",
        "rotation": 0,
        "rotation_angle": 0,
        "width": 116,
        "height": 116,
        "radius": 0,
        "distance": [[617,250]],
        "velocity": 0,
        "degree": 0,
        "radius1": 0,
        "cycle": 0,
        "blockwidth": 0,
        "blockheight": 0,
        "hastrap":[0,0,0,0],
        "type": "block",
        "scale": 1
    },
    "3": {
        "id": 1,
        "source": "1x1block_png",
        "rotation": 0,
        "rotation_angle": 0,
        "width": 116,
        "height": 116,
        "radius": 0,
        "distance": [[129,1079]],
        "velocity": 0,
        "degree": 0,
        "radius1": 0,
        "cycle": 0,
        "blockwidth": 0,
        "blockheight": 0,
        "hastrap":[0,0,0,0],
        "type": "block",
        "scale": 1
    },
    "4": {
        "id": 1,
        "source": "1x1block_png",
        "rotation": 0,
        "rotation_angle": 0,
        "width": 116,
        "height": 116,
        "radius": 0,
        "distance": [[129,530]],
        "velocity": 0,
        "degree": 0,
        "radius1": 0,
        "cycle": 0,
        "blockwidth": 0,
        "blockheight": 0,
        "hastrap":[0,0,0,0],
        "type": "block",
        "scale": 1
    }
}