{
    "1": {
        "id": 1,
        "source": "2x1_png",
        "rotation": 0,
        "rotation_angle": 0,
        "width": 216,
        "height": 116,
        "radius": 0,
        "distance": [[577,528]],
        "velocity": 0,
        "degree": 0,
        "radius1": 0,
        "cycle": 0,
        "blockwidth": 0,
        "blockheight": 0,
        "hastrap":[0,0,0,0],
        "type": "block",
        "scale": 1,
        "cycle_point":[]
    },
    "2": {
        "id": 2,
        "source": "2x1_png",
        "rotation": 0,
        "rotation_angle": 0,
        "width": 216,
        "height": 116,
        "radius": 0,
        "distance": [[165,893]],
        "velocity": 0,
        "degree": 0,
        "radius1": 0,
        "cycle": 0,
        "blockwidth": 0,
        "blockheight": 0,
        "hastrap":[0,0,0,0],
        "type": "block",
        "scale": 1,
        "cycle_point":[]
    },
    "3": {
        "id": 3,
        "source": "attacking_enemy_0_png",
        "rotation": 0,
        "rotation_angle": 0,
        "width": 69,
        "height": 96,
        "radius": 0,
        "distance": [[477,383]],
        "velocity": 0,
        "degree": 0,
        "radius1": 0,
        "cycle": 0,
        "blockwidth": 0,
        "blockheight": 0,
        "hastrap":[0,0,0,0],
        "type": "enemy",
        "scale": 1,
        "cycle_point":[]
    },
    "4": {
        "id": 4,
        "source": "small_blade_png",
        "rotation": 2,
        "rotation_angle": 0,
        "width": 0,
        "height": 0,
        "radius": 53,
        "distance": [[42,357.4]],
        "velocity": 0,
        "degree": 0,
        "radius1": 0,
        "cycle": 0,
        "blockwidth": 0,
        "blockheight": 0,
        "hastrap":[0,0,0,0],
        "type": "blade",
        "scale": 0.8,
        "cycle_point":[]
    },
    "5": {
        "id": 5,
        "source": "small_blade_png",
        "rotation": 2,
        "rotation_angle": 0,
        "width": 0,
        "height": 0,
        "radius": 53,
        "distance": [[42,455.4]],
        "velocity": 0,
        "degree": 0,
        "radius1": 0,
        "cycle": 0,
        "blockwidth": 0,
        "blockheight": 0,
        "hastrap":[0,0,0,0],
        "type": "blade",
        "scale": 0.8,
        "cycle_point":[]
    },
    "6": {
        "id": 6,
        "source": "small_blade_png",
        "rotation": 2,
        "rotation_angle": 0,
        "width": 0,
        "height": 0,
        "radius": 53,
        "distance": [[42,555]],
        "velocity": 0,
        "degree": 0,
        "radius1": 0,
        "cycle": 0,
        "blockwidth": 0,
        "blockheight": 0,
        "hastrap":[0,0,0,0],
        "type": "blade",
        "scale": 0.8,
        "cycle_point":[]
    },
    "7": {
        "id": 7,
        "source": "small_blade_png",
        "rotation": 2,
        "rotation_angle": 0,
        "width": 0,
        "height": 0,
        "radius": 53,
        "distance": [[602,768.4]],
        "velocity": 0,
        "degree": 0,
        "radius1": 0,
        "cycle": 0,
        "blockwidth": 0,
        "blockheight": 0,
        "hastrap":[0,0,0,0],
        "type": "blade",
        "scale": 0.8,
        "cycle_point":[]
    },
    "8": {
        "id": 8,
        "source": "small_blade_png",
        "rotation": 2,
        "rotation_angle": 0,
        "width": 0,
        "height": 0,
        "radius": 53,
        "distance": [[602,866.4]],
        "velocity": 0,
        "degree": 0,
        "radius1": 0,
        "cycle": 0,
        "blockwidth": 0,
        "blockheight": 0,
        "hastrap":[0,0,0,0],
        "type": "blade",
        "scale": 0.8,
        "cycle_point":[]
    },
    "9": {
        "id": 9,
        "source": "small_blade_png",
        "rotation": 2,
        "rotation_angle": 0,
        "width": 0,
        "height": 0,
        "radius": 53,
        "distance": [[602,966]],
        "velocity": 0,
        "degree": 0,
        "radius1": 0,
        "cycle": 0,
        "blockwidth": 0,
        "blockheight": 0,
        "hastrap":[0,0,0,0],
        "type": "blade",
        "scale": 0.8,
        "cycle_point":[]
    }
}