{
    "1": {
        "id": 1,
        "source": "2x1_png",
        "rotation": 0,
        "rotation_angle": 0,
        "width": 216,
        "height": 116,
        "radius": 0,
        "distance": [[569,1014.5]],
        "velocity": 0,
        "degree": 0,
        "radius1": 0,
        "cycle": 0,
        "blockwidth": 0,
        "blockheight": 0,
        "hastrap":[0,0,0,0],
        "type": "block",
        "scale": 1
    },
    "2": {
        "id": 2,
        "source": "2x1_png",
        "rotation": 0,
        "rotation_angle": 0,
        "width": 216,
        "height": 116,
        "radius": 0,
        "distance": [[376,220]],
        "velocity": 0,
        "degree": 0,
        "radius1": 0,
        "cycle": 0,
        "blockwidth": 0,
        "blockheight": 0,
        "hastrap":[0,0,0,0],
        "type": "block",
        "scale": 1
    },
    "3": {
        "id": 3,
        "source": "1x1block_png",
        "rotation": 0,
        "rotation_angle": 0,
        "width": 116,
        "height": 116,
        "radius": 0,
        "distance": [[619,465]],
        "velocity": 0,
        "degree": 0,
        "radius1": 0,
        "cycle": 0,
        "blockwidth": 0,
        "blockheight": 0,
        "hastrap":[0,0,0,0],
        "type": "block",
        "scale": 1
    },
    "4": {
        "id": 4,
        "source": "1x1block_png",
        "rotation": 0,
        "rotation_angle": 0,
        "width": 116,
        "height": 116,
        "radius": 0,
        "distance": [[375,615]],
        "velocity": 0,
        "degree": 0,
        "radius1": 0,
        "cycle": 0,
        "blockwidth": 0,
        "blockheight": 0,
        "hastrap":[0,0,0,0],
        "type": "block",
        "scale": 1
    },
    "5": {
        "id": 5,
        "source": "1x1block_png",
        "rotation": 0,
        "rotation_angle": 0,
        "width": 116,
        "height": 116,
        "radius": 0,
        "distance": [[111.5,465]],
        "velocity": 0,
        "degree": 0,
        "radius1": 0,
        "cycle": 0,
        "blockwidth": 0,
        "blockheight": 0,
        "hastrap":[0,0,0,0],
        "type": "block",
        "scale": 1
    },
    "6": {
        "id": 6,
        "source": "spikes_png",
        "rotation": 0,
        "rotation_angle": 90,
        "width": 100,
        "height": 30,
        "radius": 0,
        "distance": [[111.5,1022.5]],
        "velocity": 0,
        "degree": 0,
        "radius1": 0,
        "cycle": 0,
        "blockwidth": 0,
        "blockheight": 0,
        "hastrap":[0,0,0,0],
        "type": "trap",
        "scale": 1
    },
    "7": {
        "id": 7,
        "source": "spikes_png",
        "rotation": 0,
        "rotation_angle": 90,
        "width": 100,
        "height": 30,
        "radius": 0,
        "distance": [[111.5,929.44]],
        "velocity": 0,
        "degree": 0,
        "radius1": 0,
        "cycle": 0,
        "blockwidth": 0,
        "blockheight": 0,
        "hastrap":[0,0,0,0],
        "type": "trap",
        "scale": 1
    },
    "8": {
        "id": 8,
        "source": "spikes_png",
        "rotation": 0,
        "rotation_angle": 90,
        "width": 100,
        "height": 30,
        "radius": 0,
        "distance": [[111.5,615]],
        "velocity": 0,
        "degree": 0,
        "radius1": 0,
        "cycle": 0,
        "blockwidth": 0,
        "blockheight": 0,
        "hastrap":[0,0,0,0],
        "type": "trap",
        "scale": 1
    },
    "9": {
        "id": 9,
        "source": "spikes_png",
        "rotation": 0,
        "rotation_angle": 90,
        "width": 100,
        "height": 30,
        "radius": 0,
        "distance": [[111.5,523]],
        "velocity": 0,
        "degree": 0,
        "radius1": 0,
        "cycle": 0,
        "blockwidth": 0,
        "blockheight": 0,
        "hastrap":[0,0,0,0],
        "type": "trap",
        "scale": 1
    },
    "10": {
        "id": 10,
        "source": "ranged_enemy_idle_png",
        "rotation": 0,
        "rotation_angle": 0,
        "width": 69,
        "height": 90,
        "radius": 0,
        "distance": [[592.5,326.35]],
        "velocity": 0,
        "degree": 0,
        "radius1": 0,
        "cycle": 0,
        "blockwidth": 0,
        "blockheight": 0,
        "hastrap":[0,0,0,0],
        "type": "enemy",
        "scale": 1
    },
    "11": {
        "id": 11,
        "source": "ranged_enemy_idle_png",
        "rotation": 0,
        "rotation_angle": 0,
        "width": 69,
        "height": 90,
        "radius": 0,
        "distance": [[87.7,326.35]],
        "velocity": 0,
        "degree": 0,
        "radius1": 0,
        "cycle": 0,
        "blockwidth": 0,
        "blockheight": 0,
        "hastrap":[0,0,0,0],
        "type": "enemy",
        "scale": 1
    },
    "12": {
        "id": 12,
        "source": "attacking_enemy_0_png",
        "rotation": 0,
        "rotation_angle": 0,
        "width": 69,
        "height": 96,
        "radius": 0,
        "distance": [[523.5,870]],
        "velocity": 0,
        "degree": 0,
        "radius1": 0,
        "cycle": 0,
        "blockwidth": 0,
        "blockheight": 0,
        "hastrap":[0,0,0,0],
        "type": "enemy",
        "scale": 1
    }
}