{
    "1": {
        "id": 1,
        "source": "2x1_png",
        "rotation": 0,
        "rotation_angle": 0,
        "width": 216,
        "height": 116,
        "radius": 0,
        "distance": [[561,656]],
        "velocity": 0,
        "degree": 0,
        "radius1": 0,
        "cycle": 0,
        "blockwidth": 0,
        "blockheight": 0,
        "hastrap":[0,0,0,0],
        "type": "block",
        "scale": 1,
        "cycle_point":[]
    },
    "2": {
        "id": 2,
        "source": "2x1_png",
        "rotation": 0,
        "rotation_angle": 0,
        "width": 216,
        "height": 116,
        "radius": 0,
        "distance": [[178,1021]],
        "velocity": 0,
        "degree": 0,
        "radius1": 0,
        "cycle": 0,
        "blockwidth": 0,
        "blockheight": 0,
        "hastrap":[0,0,0,0],
        "type": "block",
        "scale": 1,
        "cycle_point":[]
    },
    "3": {
        "id": 3,
        "source": "2x1_png",
        "rotation": 0,
        "rotation_angle": 0,
        "width": 216,
        "height": 116,
        "radius": 0,
        "distance": [[178,1530]],
        "velocity": 0,
        "degree": 0,
        "radius1": 0,
        "cycle": 0,
        "blockwidth": 0,
        "blockheight": 0,
        "hastrap":[0,0,0,0],
        "type": "block",
        "scale": 1,
        "cycle_point":[]
    },
    "4": {
        "id": 4,
        "source": "2x1_png",
        "rotation": 0,
        "rotation_angle": 0,
        "width": 216,
        "height": 116,
        "radius": 0,
        "distance": [[561,2071]],
        "velocity": 0,
        "degree": 0,
        "radius1": 0,
        "cycle": 0,
        "blockwidth": 0,
        "blockheight": 0,
        "hastrap":[0,0,0,0],
        "type": "block",
        "scale": 1,
        "cycle_point":[]
    },
    "5": {
        "id": 5,
        "source": "2x1_png",
        "rotation": 0,
        "rotation_angle": 0,
        "width": 216,
        "height": 116,
        "radius": 0,
        "distance": [[178,2382]],
        "velocity": 0,
        "degree": 0,
        "radius1": 0,
        "cycle": 0,
        "blockwidth": 0,
        "blockheight": 0,
        "hastrap":[0,0,0,0],
        "type": "block",
        "scale": 1,
        "cycle_point":[]
    },
    "6": {
        "id": 6,
        "source": "2x1_png",
        "rotation": 0,
        "rotation_angle": 0,
        "width": 216,
        "height": 116,
        "radius": 0,
        "distance": [[561,3312]],
        "velocity": 0,
        "degree": 0,
        "radius1": 0,
        "cycle": 0,
        "blockwidth": 0,
        "blockheight": 0,
        "hastrap":[0,0,0,0],
        "type": "block",
        "scale": 1,
        "cycle_point":[]
    },
    "7": {
        "id": 7,
        "source": "2x1_png",
        "rotation": 0,
        "rotation_angle": 0,
        "width": 216,
        "height": 116,
        "radius": 0,
        "distance": [[178,3602]],
        "velocity": 0,
        "degree": 0,
        "radius1": 0,
        "cycle": 0,
        "blockwidth": 0,
        "blockheight": 0,
        "hastrap":[0,0,0,0],
        "type": "block",
        "scale": 1,
        "cycle_point":[]
    },
    "8": {
        "id": 8,
        "source": "2x1_png",
        "rotation": 0,
        "rotation_angle": 0,
        "width": 216,
        "height": 116,
        "radius": 0,
        "distance": [[562,3883]],
        "velocity": 0,
        "degree": 0,
        "radius1": 0,
        "cycle": 0,
        "blockwidth": 0,
        "blockheight": 0,
        "hastrap":[0,0,0,0],
        "type": "block",
        "scale": 1,
        "cycle_point":[]
    },
    "9": {
        "id": 9,
        "source": "2x1_png",
        "rotation": 0,
        "rotation_angle": 0,
        "width": 216,
        "height": 116,
        "radius": 0,
        "distance": [[274,5534]],
        "velocity": 0,
        "degree": 0,
        "radius1": 0,
        "cycle": 0,
        "blockwidth": 0,
        "blockheight": 0,
        "hastrap":[0,0,0,0],
        "type": "block",
        "scale": 1,
        "cycle_point":[]
    },
    "10": {
        "id": 10,
        "source": "2x1_png",
        "rotation": 0,
        "rotation_angle": 0,
        "width": 216,
        "height": 116,
        "radius": 0,
        "distance": [[471.45,5534]],
        "velocity": 0,
        "degree": 0,
        "radius1": 0,
        "cycle": 0,
        "blockwidth": 0,
        "blockheight": 0,
        "hastrap":[0,0,0,0],
        "type": "block",
        "scale": 1,
        "cycle_point":[]
    },
    "11": {
        "id": 11,
        "source": "2x1_png",
        "rotation": 0,
        "rotation_angle": 90,
        "width": 216,
        "height": 116,
        "radius": 0,
        "distance": [[375,6200]],
        "velocity": 0,
        "degree": 0,
        "radius1": 0,
        "cycle": 0,
        "blockwidth": 0,
        "blockheight": 0,
        "hastrap":[0,0,0,0],
        "type": "block",
        "scale": 1,
        "cycle_point":[]
    },
    "12": {
        "id": 12,
        "source": "2x1_png",
        "rotation": 0,
        "rotation_angle": 90,
        "width": 216,
        "height": 116,
        "radius": 0,
        "distance": [[375,6398]],
        "velocity": 0,
        "degree": 0,
        "radius1": 0,
        "cycle": 0,
        "blockwidth": 0,
        "blockheight": 0,
        "hastrap":[0,0,0,0],
        "type": "block",
        "scale": 1,
        "cycle_point":[]
    },
    "13": {
        "id": 13,
        "source": "2x1_png",
        "rotation": 0,
        "rotation_angle": 90,
        "width": 216,
        "height": 116,
        "radius": 0,
        "distance": [[375,6591]],
        "velocity": 0,
        "degree": 0,
        "radius1": 0,
        "cycle": 0,
        "blockwidth": 0,
        "blockheight": 0,
        "hastrap":[0,0,0,0],
        "type": "block",
        "scale": 1,
        "cycle_point":[]
    },
    "14": {
        "id": 14,
        "source": "1x1block_png",
        "rotation": 0,
        "rotation_angle": 0,
        "width": 116,
        "height": 116,
        "radius": 0,
        "distance": [[128,2699.66]],
        "velocity": 0,
        "degree": 0,
        "radius1": 0,
        "cycle": 0,
        "blockwidth": 0,
        "blockheight": 0,
        "hastrap":[0,0,0,0],
        "type": "block",
        "scale": 1,
        "cycle_point":[]
    },
    "15": {
        "id": 15,
        "source": "1x1block_png",
        "rotation": 0,
        "rotation_angle": 0,
        "width": 116,
        "height": 116,
        "radius": 0,
        "distance": [[128,3021.33]],
        "velocity": 0,
        "degree": 0,
        "radius1": 0,
        "cycle": 0,
        "blockwidth": 0,
        "blockheight": 0,
        "hastrap":[0,0,0,0],
        "type": "block",
        "scale": 1,
        "cycle_point":[]
    },
    "16": {
        "id": 16,
        "source": "1x1block_png",
        "rotation": 0,
        "rotation_angle": 0,
        "width": 116,
        "height": 116,
        "radius": 0,
        "distance": [[128,4260]],
        "velocity": 0,
        "degree": 0,
        "radius1": 0,
        "cycle": 0,
        "blockwidth": 0,
        "blockheight": 0,
        "hastrap":[0,0,0,0],
        "type": "block",
        "scale": 1,
        "cycle_point":[]
    },
    "17": {
        "id": 17,
        "source": "1x1block_png",
        "rotation": 0,
        "rotation_angle": 0,
        "width": 116,
        "height": 116,
        "radius": 0,
        "distance": [[613,4560]],
        "velocity": 0,
        "degree": 0,
        "radius1": 0,
        "cycle": 0,
        "blockwidth": 0,
        "blockheight": 0,
        "hastrap":[0,0,0,0],
        "type": "block",
        "scale": 1,
        "cycle_point":[]
    },
    "18": {
        "id": 18,
        "source": "1x1block_png",
        "rotation": 0,
        "rotation_angle": 0,
        "width": 116,
        "height": 116,
        "radius": 0,
        "distance": [[136,4812]],
        "velocity": 0,
        "degree": 0,
        "radius1": 0,
        "cycle": 0,
        "blockwidth": 100,
        "blockheight": 30,
        "hastrap":[0,0,0,1],
        "type": "block",
        "scale": 1,
        "cycle_point":[]
    },
    "19": {
        "id": 19,
        "source": "small_blade_png",
        "rotation": 2,
        "rotation_angle": 0,
        "width": 0,
        "height": 0,
        "radius": 37.1,
        "distance": [[322.8,2382],[612,2382]],
        "velocity": 10,
        "degree": 0,
        "radius1": 0,
        "cycle": 0,
        "blockwidth": 100,
        "blockheight": 30,
        "hastrap":[0,0,0,0],
        "type": "blade",
        "scale": 0.7,
        "cycle_point":[]
    },
    "20": {
        "id": 20,
        "source": "small_blade_png",
        "rotation": 2,
        "rotation_angle": 0,
        "width": 0,
        "height": 0,
        "radius": 37.1,
        "distance": [[130,4075],[612,4075]],
        "velocity": 10,
        "degree": 0,
        "radius1": 0,
        "cycle": 0,
        "blockwidth": 100,
        "blockheight": 30,
        "hastrap":[0,0,0,0],
        "type": "blade",
        "scale": 0.7,
        "cycle_point":[]
    },
    "21": {
        "id": 21,
        "source": "2x1_png",
        "rotation": 2,
        "rotation_angle": 0,
        "width": 216,
        "height": 116,
        "radius": 0,
        "distance": [[351.6,1797]],
        "velocity": 0,
        "degree": 0,
        "radius1": 0,
        "cycle": 0,
        "blockwidth": 100,
        "blockheight": 30,
        "hastrap":[1,1,1,1],
        "type": "block",
        "scale": 1,
        "cycle_point":[]
    },
    "22": {
        "id": 22,
        "source": "2x1_png",
        "rotation": 2,
        "rotation_angle": 0,
        "width": 216,
        "height": 116,
        "radius": 0,
        "distance": [[375,7150]],
        "velocity": 0,
        "degree": 0,
        "radius1": 0,
        "cycle": 0,
        "blockwidth": 100,
        "blockheight": 30,
        "hastrap":[1,1,1,1],
        "type": "block",
        "scale": 1,
        "cycle_point":[]
    },
    "23": {
        "id": 23,
        "source": "small_blade_png",
        "rotation": 2,
        "rotation_angle": 0,
        "width": 0,
        "height": 0,
        "radius": 42.4,
        "distance": [[95,485.4]],
        "velocity": 0,
        "degree": 0,
        "radius1": 0,
        "cycle": 0,
        "blockwidth": 0,
        "blockheight": 0,
        "hastrap":[0,0,0,0],
        "type": "blade",
        "scale": 0.8,
        "cycle_point":[]
    },
    "24": {
        "id": 24,
        "source": "small_blade_png",
        "rotation": 2,
        "rotation_angle": 0,
        "width": 0,
        "height": 0,
        "radius": 42.4,
        "distance": [[95,583.4]],
        "velocity": 0,
        "degree": 0,
        "radius1": 0,
        "cycle": 0,
        "blockwidth": 0,
        "blockheight": 0,
        "hastrap":[0,0,0,0],
        "type": "blade",
        "scale": 0.8,
        "cycle_point":[]
    },
    "25": {
        "id": 25,
        "source": "small_blade_png",
        "rotation": 2,
        "rotation_angle": 0,
        "width": 0,
        "height": 0,
        "radius": 42.4,
        "distance": [[95,683]],
        "velocity": 0,
        "degree": 0,
        "radius1": 0,
        "cycle": 0,
        "blockwidth": 0,
        "blockheight": 0,
        "hastrap":[0,0,0,0],
        "type": "blade",
        "scale": 0.8,
        "cycle_point":[]
    },
    "26": {
        "id": 26,
        "source": "small_blade_png",
        "rotation": 2,
        "rotation_angle": 0,
        "width": 0,
        "height": 0,
        "radius": 42.4,
        "distance": [[655,896.4]],
        "velocity": 0,
        "degree": 0,
        "radius1": 0,
        "cycle": 0,
        "blockwidth": 0,
        "blockheight": 0,
        "hastrap":[0,0,0,0],
        "type": "blade",
        "scale": 0.8,
        "cycle_point":[]
    },
    "27": {
        "id": 27,
        "source": "small_blade_png",
        "rotation": 2,
        "rotation_angle": 0,
        "width": 0,
        "height": 0,
        "radius": 42.4,
        "distance": [[655,994.4]],
        "velocity": 0,
        "degree": 0,
        "radius1": 0,
        "cycle": 0,
        "blockwidth": 0,
        "blockheight": 0,
        "hastrap":[0,0,0,0],
        "type": "blade",
        "scale": 0.8,
        "cycle_point":[]
    },
    "28": {
        "id": 28,
        "source": "small_blade_png",
        "rotation": 2,
        "rotation_angle": 0,
        "width": 0,
        "height": 0,
        "radius": 42.4,
        "distance": [[655,1094]],
        "velocity": 0,
        "degree": 0,
        "radius1": 0,
        "cycle": 0,
        "blockwidth": 0,
        "blockheight": 0,
        "hastrap":[0,0,0,0],
        "type": "blade",
        "scale": 0.8,
        "cycle_point":[]
    },
    "29": {
        "id": 29,
        "source": "small_blade_png",
        "rotation": 2,
        "rotation_angle": 0,
        "width": 0,
        "height": 0,
        "radius": 42.4,
        "distance": [[167,5298.4],[583,5298.4],[583,5592.4],[167,5592.4]],
        "velocity": 10,
        "degree": 0,
        "radius1": 0,
        "cycle": 0,
        "blockwidth": 0,
        "blockheight": 0,
        "hastrap":[0,0,0,0],
        "type": "blade",
        "scale": 0.8,
        "cycle_point":[]
    },
    "30": {
        "id": 30,
        "source": "small_blade_png",
        "rotation": 2,
        "rotation_angle": 0,
        "width": 0,
        "height": 0,
        "radius": 53,
        "distance": [[375,6398]],
        "velocity": 0,
        "degree": 2,
        "radius1": 200,
        "cycle": 360,
        "blockwidth": 0,
        "blockheight": 0,
        "hastrap":[0,0,0,0],
        "type": "swingBlade",
        "scale": 0.8,
        "cycle_point":[375,6398]
    },
    "31": {
        "id": 31,
        "source": "spikes_png",
        "rotation": 0,
        "rotation_angle": 270,
        "width": 100,
        "height": 30,
        "radius": 0,
        "distance": [[432,3935]],
        "velocity": 0,
        "degree": 0,
        "radius1": 0,
        "cycle": 0,
        "blockwidth": 0,
        "blockheight": 0,
        "hastrap":[0,0,0,0],
        "type": "trap",
        "scale": 1,
        "cycle_point":[]
    },
    "32": {
        "id": 32,
        "source": "spikes_png",
        "rotation": 0,
        "rotation_angle": 270,
        "width": 100,
        "height": 30,
        "radius": 0,
        "distance": [[632,4788.6]],
        "velocity": 0,
        "degree": 0,
        "radius1": 0,
        "cycle": 0,
        "blockwidth": 0,
        "blockheight": 0,
        "hastrap":[0,0,0,0],
        "type": "trap",
        "scale": 1,
        "cycle_point":[]
    },
    "33": {
        "id": 33,
        "source": "spikes_png",
        "rotation": 0,
        "rotation_angle": 0,
        "width": 100,
        "height": 30,
        "radius": 0,
        "distance": [[325,6070]],
        "velocity": 0,
        "degree": 0,
        "radius1": 0,
        "cycle": 0,
        "blockwidth": 0,
        "blockheight": 0,
        "hastrap":[0,0,0,0],
        "type": "trap",
        "scale": 1,
        "cycle_point":[]
    },
    "34": {
        "id": 34,
        "source": "attacking_enemy_0_png",
        "rotation": 0,
        "rotation_angle": 0,
        "width": 69,
        "height": 96,
        "radius": 0,
        "distance": [[477,511]],
        "velocity": 0,
        "degree": 0,
        "radius1": 0,
        "cycle": 0,
        "blockwidth": 0,
        "blockheight": 0,
        "hastrap":[0,0,0,0],
        "type": "enemy",
        "scale": 1,
        "cycle_point":[]
    },
    "35": {
        "id": 35,
        "source": "attacking_enemy_0_png",
        "rotation": 0,
        "rotation_angle": 0,
        "width": 69,
        "height": 96,
        "radius": 0,
        "distance": [[495,1927]],
        "velocity": 0,
        "degree": 0,
        "radius1": 0,
        "cycle": 0,
        "blockwidth": 0,
        "blockheight": 0,
        "hastrap":[0,0,0,0],
        "type": "enemy",
        "scale": 1,
        "cycle_point":[]
    },
    "36": {
        "id": 36,
        "source": "attacking_enemy_0_png",
        "rotation": 0,
        "rotation_angle": 0,
        "width": 69,
        "height": 96,
        "radius": 0,
        "distance": [[110,2877.33]],
        "velocity": 0,
        "degree": 0,
        "radius1": 0,
        "cycle": 0,
        "blockwidth": 0,
        "blockheight": 0,
        "hastrap":[0,0,0,0],
        "type": "enemy",
        "scale": 1,
        "cycle_point":[]
    },
    "37": {
        "id": 37,
        "source": "attacking_enemy_0_png",
        "rotation": 0,
        "rotation_angle": 0,
        "width": 69,
        "height": 96,
        "radius": 0,
        "distance": [[222,3461]],
        "velocity": 0,
        "degree": 0,
        "radius1": 0,
        "cycle": 0,
        "blockwidth": 0,
        "blockheight": 0,
        "hastrap":[0,0,0,0],
        "type": "enemy",
        "scale": 1,
        "cycle_point":[]
    },
    "38": {
        "id": 38,
        "source": "attacking_enemy_0_png",
        "rotation": 0,
        "rotation_angle": 0,
        "width": 69,
        "height": 96,
        "radius": 0,
        "distance": [[560,4417]],
        "velocity": 0,
        "degree": 0,
        "radius1": 0,
        "cycle": 0,
        "blockwidth": 0,
        "blockheight": 0,
        "hastrap":[0,0,0,0],
        "type": "enemy",
        "scale": 1,
        "cycle_point":[]
    },
    "39": {
        "id": 39,
        "source": "ranged_enemy_idle_png",
        "rotation": 0,
        "rotation_angle": 0,
        "width": 69,
        "height": 90,
        "radius": 0,
        "distance": [[352,5396]],
        "velocity": 0,
        "degree": 0,
        "radius1": 0,
        "cycle": 0,
        "blockwidth": 0,
        "blockheight": 0,
        "hastrap":[0,0,0,0],
        "type": "enemy",
        "scale": 1,
        "cycle_point":[]
    },
    "40": {
        "id": 40,
        "source": "attacking_enemy_0_png",
        "rotation": 0,
        "rotation_angle": 0,
        "width": 69,
        "height": 96,
        "radius": 0,
        "distance": [[346,6007]],
        "velocity": 0,
        "degree": 0,
        "radius1": 0,
        "cycle": 0,
        "blockwidth": 0,
        "blockheight": 0,
        "hastrap":[0,0,0,0],
        "type": "enemy",
        "scale": 1,
        "cycle_point":[]
    },
    "41": {
        "id": 41,
        "source": "coin_png",
        "rotation": 0,
        "rotation_angle": 0,
        "width": 30.9,
        "height": 34.799999999999997,
        "radius": 0,
        "distance": [[121.95,2583]],
        "velocity": 0,
        "degree": 0,
        "radius1": 0,
        "cycle": 0,
        "blockwidth": 0,
        "blockheight": 0,
        "hastrap":[0,0,0,0],
        "type": "coin",
        "scale": 0.3,
        "cycle_point":[]
    },
    "42": {
        "id": 42,
        "source": "coin_png",
        "rotation": 0,
        "rotation_angle": 0,
        "width": 30.9,
        "height": 34.799999999999997,
        "radius": 0,
        "distance": [[564,4721.2]],
        "velocity": 0,
        "degree": 0,
        "radius1": 0,
        "cycle": 0,
        "blockwidth": 0,
        "blockheight": 0,
        "hastrap":[0,0,0,0],
        "type": "coin",
        "scale": 0.3,
        "cycle_point":[]
    },
    "43": {
        "id": 43,
        "source": "coin_png",
        "rotation": 0,
        "rotation_angle": 0,
        "width": 30.9,
        "height": 34.799999999999997,
        "radius": 0,
        "distance": [[538.55,6380.6]],
        "velocity": 0,
        "degree": 0,
        "radius1": 0,
        "cycle": 0,
        "blockwidth": 0,
        "blockheight": 0,
        "hastrap":[0,0,0,0],
        "type": "coin",
        "scale": 0.3,
        "cycle_point":[]
    }
}