{"frameRate":24,"name":"bulletJumpEffect","version":"5.5","compatibleVersion":"5.5","armature":[{"type":"MovieClip","frameRate":24,"name":"bulletJumpEffect","bone":[{"name":"root"},{"name":"bulletTimeEffect1","parent":"root"},{"name":"bulletTimeEffect2","parent":"root"}],"slot":[{"displayIndex":-1,"name":"bulletTimeEffect2","parent":"bulletTimeEffect2"},{"displayIndex":-1,"name":"bulletTimeEffect1","parent":"bulletTimeEffect1"}],"skin":[{"slot":[{"name":"bulletTimeEffect2","display":[{"name":"bulletTimeEffect2"}]},{"name":"bulletTimeEffect1","display":[{"name":"bulletTimeEffect1"}]}]}],"animation":[{"duration":6,"playTimes":0,"name":"bulletJumpEffect","bone":[{"name":"bulletTimeEffect1","rotateFrame":[{"duration":6,"rotate":13.97}],"scaleFrame":[{},{"y":2.23},{"y":2.23},{"x":0.54,"y":3.41},{"x":0.28,"y":1.77},{"x":-0.05,"y":1.65}]},{"name":"bulletTimeEffect2","rotateFrame":[{},{"duration":5,"rotate":31.9}],"scaleFrame":[{},{"x":2.15},{"x":3.37},{"duration":3,"x":4.75}]}],"slot":[{"name":"bulletTimeEffect1","displayFrame":[{"duration":6}],"colorFrame":[{},{"value":{"aM":81}},{"value":{"aM":38}},{"value":{"aM":38}},{"value":{"aM":21}},{"value":{"aM":12}},{"duration":0,"value":{"aM":0}}]},{"name":"bulletTimeEffect2","displayFrame":[{"value":-1},{"duration":5}],"colorFrame":[{},{},{"value":{"aM":79}},{"duration":2,"value":{"aM":15}},{"value":{"aM":6}},{"duration":0,"value":{"aM":0}}]}]}],"defaultActions":[{"gotoAndPlay":"bulletJumpEffect"}]}]}