{
"texture":"deadParticle.png",
"maxRadiusVariance":30
,"startGreen":255
,"minRadius":20
,"endGreen":255
,"startAlphaVariance":0
,"minRadiusVariance":10
,"startSize":50
,"startRed":255
,"rotatePerSecond":30
,"startSizeVariance":10
,"endAlpha":1
,"rotatePerSecondVariance":10
,"endSize":20
,"startBlueVariance":0
,"emitterVariance":{"x":7,"y":4}
,"endSizeVariance":0
,"startAlpha":0.8901960784313725
,"endBlue":255
,"engGreenVariance":0
,"startGreenVariance":0
,"emitAngleVariance":360
,"radialAcceleration":0
,"maxRadius":100
,"startRotation":0
,"emitAngle":0
,"startRotationVariance":45
,"emitter":{"x":498,"y":503}
,"endRotation":263.58
,"maxParticles":20
,"startRedVariance":0
,"gravity":{"x":10,"y":10}
,"speedVariance":0
,"endRotationVariance":292.07
,"endRed":255
,"emitterType":0
,"blendFactorSource":"one"
,"endBlueVariance":0
,"endAlphaVariance":0
,"blendFactorDestination":"oneMinusSourceAlpha"
,"startBlue":255
,"radialAccelerationVariance":0
,"tangentialAcceleration":0
,"speed":140
,"lifespan":800
,"tangentialAccelerationVariance":0
,"endRedVariance":0
,"lifespanVariance":0
,"duration":500
}