{"frameRate":24,"name":"landEffect","version":"5.5","compatibleVersion":"5.5","armature":[{"type":"MovieClip","frameRate":24,"name":"landEffect","bone":[{"name":"root"},{"name":"bulletTimeEffect2","parent":"root"}],"slot":[{"displayIndex":-1,"name":"bulletTimeEffect2","parent":"bulletTimeEffect2"}],"skin":[{"slot":[{"name":"bulletTimeEffect2","display":[{"name":"bulletTimeEffect2"}]}]}],"animation":[{"duration":5,"playTimes":0,"name":"landEffect","bone":[{"name":"bulletTimeEffect2","scaleFrame":[{"duration":5,"tweenEasing":0},{"duration":0,"x":2,"y":2}]}],"slot":[{"name":"bulletTimeEffect2","displayFrame":[{"duration":5}],"colorFrame":[{"duration":5,"tweenEasing":0},{"duration":0,"value":{"aM":0}}]}]}],"defaultActions":[{"gotoAndPlay":"landEffect"}]}]}